tree
version=v4
num_class=1
num_tree_per_iteration=1
label_index=0
max_feature_idx=16
objective=regression
feature_names=elo_home elo_away elo_diff elo_diff_abs home_form_winrate away_form_winrate home_goals_scored_avg away_goals_scored_avg home_goals_conceded_avg away_goals_conceded_avg h2h_home_winrate h2h_draw_rate h2h_avg_goal_diff is_neutral is_world_cup days_since_last_match_home days_since_last_match_away
feature_infos=[1015.3764357493075:1967.8371694936689] [1017.2571418211651:1974.2336470340083] [-799.56067370933374:748.16602847899912] [0:799.56067370933374] [0:1] [0:1] [0:17] [0:21] [0:15.4] [0:21.5] [0:1] [0:1] [-15:16] [0:1] [0:1] none none
tree_sizes=2644 2779 2779 2791 2765 2781 2776 2764 2773 2796 2760 2794 2771 2768 2780 2812 2803 2801 2817 2791 2828 2811 2776 2816 2824 2799 2804 2789 2792 2835 2815 2784 2813 2812 2837 2812 2818 2791 2800 2785 2802 2812 2828 2830 2812 2773 2796

Tree=0
num_leaves=31
num_cat=0
split_feature=9 0 1 9 0 3 3 3 0 0 0 9 1 1 8 0 3 0 8 12 1 3 1 9 3 1 12 0 3 3
split_gain=1819.58 605.45 492.586 484.37 331.898 317.657 262.714 239.182 159.507 128.59 120.239 140.215 112.339 104.319 98.8287 74.5153 68.4641 64.4196 64.1498 62.9603 61.9949 59.3293 55.5557 55.1863 52.8818 48.1236 44.2213 42.1475 36.6914 34.5674
threshold=1.9500000000000002 1496.341349087043 1500.0034212760986 3.2250000000000005 1475.8577018906983 252.18040315394288 256.24546457489606 101.93572021134334 1677.9973516372531 1426.0874220624939 1579.2713466402151 4.9500000000000011 1647.9706586167097 1661.1718426302457 1.1833333333333336 1560.704203970334 48.760809725740053 1598.5229047713899 2.183333333333334 1.8730158730158732 1352.6758360127208 341.89787083419202 1512.7567413356112 4.6833333333333345 24.838048734326211 1401.4760194256639 1.2361111111111114 1651.6895867711476 45.502507032052115 170.64576949001983
decision_type=2 2 2 2 2 2 2 2 2 2 2 2 2 2 2 2 2 2 2 2 2 2 2 2 2 2 2 2 2 2
left_child=1 7 5 6 18 17 9 22 12 -2 11 -6 15 -10 25 -4 19 -3 24 -11 -9 -7 -1 -20 -5 -8 -15 -18 -17 -22
right_child=3 2 8 4 10 21 14 20 13 16 -12 -13 -14 26 -16 28 27 -19 23 -21 29 -23 -24 -25 -26 -27 -28 -29 -30 -31
leaf_value=1.5917715463298041 1.5976398436383263 1.6125763511098536 1.5833982609851456 1.7535601617824201 1.7134053782652527 1.6700515297901128 1.7525577619780834 1.6082311848008799 1.627653595833626 1.6115443699019305 1.8757690442298007 1.8525489233401298 1.5691689081889397 1.5879835063422567 1.6421298770137731 1.5927028508492722 1.6543451348213782 1.6368354244963566 1.6123993752407451 1.6962989237126589 1.5643782488693903 1.7357298306591193 1.5726631789132008 1.6850571515081425 1.669700619993723 1.6650489238989234 1.6409937727599042 1.6014159727986108 1.6098151708110657 1.5465624182707733
leaf_weight=1403 253 1158 1093 27 93 129 69 58 484 256 21 23 631 373 48 625 450 358 73 23 550 49 522 40 69 23 43 41 626 565
leaf_count=1403 253 1158 1093 27 93 129 69 58 484 256 21 23 631 373 48 625 450 358 73 23 550 49 522 40 69 23 43 41 626 565
internal_value=1.60226 1.59343 1.60329 1.65291 1.70478 1.62577 1.6374 1.57572 1.59346 1.62855 1.7651 1.7429 1.58788 1.61189 1.70142 1.59293 1.6387 1.61832 1.66465 1.61884 1.55793 1.68878 1.58658 1.63862 1.6946 1.73159 1.59354 1.64993 1.60127 1.55531
internal_weight=10176 8667 5569 1509 346 1694 1163 3098 3875 1023 137 116 2975 900 140 2344 770 1516 209 279 1173 178 1925 113 96 92 416 491 1251 1115
internal_count=10176 8667 5569 1509 346 1694 1163 3098 3875 1023 137 116 2975 900 140 2344 770 1516 209 279 1173 178 1925 113 96 92 416 491 1251 1115
is_linear=0
shrinkage=1


Tree=1
num_leaves=31
num_cat=0
split_feature=2 9 2 9 3 0 9 2 3 9 12 9 2 3 12 3 8 4 0 6 9 3 1 5 1 6 2 8 0 8
split_gain=2106 977.648 523.481 291.808 237.603 234.654 232.004 214.524 112.35 102.531 84.0393 88.8406 69.9826 54.813 46.9103 44.1682 41.9006 44.3826 41.8677 31.9672 33.0838 31.572 35.7727 30.7502 28.5323 33.8559 28.2656 27.5086 26.5377 26.4177
threshold=-11.359672221226331 2.183333333333334 163.51906521811273 5.6833333333333345 117.58276148560982 1519.0128571376756 3.0500000000000003 344.83713602079871 42.032133527763342 3.3166666666666669 2.0714285714285716 3.9500000000000006 152.1876963573682 256.24546457489606 1.354166666666667 1.0000000180025095e-35 2.5277777777777781 0.29285714285714287 1450.7582638023321 2.0500000000000003 1.9500000000000002 252.18040315394288 1517.5422467921064 0.31666666666666671 1512.7567413356112 0.47222222222222227 -227.29344985032478 1.2928571428571431 1649.6860442798127 1.2111111111111115
decision_type=2 2 2 2 2 2 2 2 2 2 2 2 2 2 2 2 2 2 2 2 2 2 2 2 2 2 2 2 2 2
left_child=4 2 8 5 9 10 13 21 15 24 11 18 -8 28 19 -2 17 -13 -3 -10 23 -4 -23 -21 25 -1 -6 -15 -7 -20
right_child=1 3 7 -5 26 6 12 -9 14 -11 -12 16 -14 27 -16 -17 -18 -19 29 20 -22 22 -24 -25 -26 -27 -28 -29 -30 -31
leaf_value=-0.036305000752438116 0.036314569804512087 0.0074400939405920678 0.033451476369929671 0.22576356652591911 -0.055814396862859855 0.061467531485150953 0.11044114640643519 0.13684908975997279 0.0046019440895049609 0.060735415630042561 0.08840101019934167 0.15815434101969006 0.21714618039685629 0.11793744672142284 0.027833683914032539 -0.0069333533773551122 0.026184827318558326 0.066206904417938667 0.062054218127425897 -0.0041617223620414737 0.081555279379799256 0.067583405184819839 0.015807457708499648 0.026349546815922012 -0.02346704598220568 -0.0088554847281477472 -0.039598843203657363 0.047993814803305127 0.00081849125298586757 0.026532304454718204
leaf_weight=130 60 186 543 27 384 128 30 61 1570 39 85 23 42 70 344 1849 25 35 82 119 20 160 43 267 1889 798 976 20 21 150
leaf_count=130 60 186 543 27 384 128 30 61 1570 39 85 23 42 70 344 1849 25 35 82 119 20 160 43 267 1889 798 976 20 21 150
internal_value=2.40449e-05 0.0191539 0.0104734 0.0664018 -0.0270172 0.0613589 0.0964414 0.0473499 0.00342688 -0.0188151 0.0426075 0.0346776 0.174808 0.0722031 0.0108174 -0.00555577 0.0816662 0.104731 0.0251746 0.00784248 0.0203315 0.0398582 0.0567473 0.0169568 -0.0199376 -0.0127357 -0.044215 0.103093 0.0529821 0.0392999
internal_weight=10176 5960 5036 924 4216 897 311 807 4229 2856 586 501 72 239 2320 1909 83 58 418 1976 406 746 203 386 2817 928 1360 90 149 232
internal_count=10176 5960 5036 924 4216 897 311 807 4229 2856 586 501 72 239 2320 1909 83 58 418 1976 406 746 203 386 2817 928 1360 90 149 232
is_linear=0
shrinkage=0.05


Tree=2
num_leaves=31
num_cat=0
split_feature=2 9 2 9 2 0 9 2 3 9 12 9 2 3 6 3 8 4 0 9 5 8 3 1 2 4 9 8 0 8
split_gain=1901.96 884.374 472.753 264.535 214.649 212.207 210.15 194.04 101.424 92.5835 75.8949 80.5919 63.3659 49.6181 42.7224 39.92 37.9569 40.3955 37.8282 30.3023 33.5216 29.0866 28.5391 32.2881 27.6548 26.8934 26.4655 25.6634 38.2834 24.7926
threshold=-11.359672221226331 2.183333333333334 163.51906521811273 5.6833333333333345 -113.99082818637361 1519.0128571376756 3.0500000000000003 344.83713602079871 42.032133527763342 3.183333333333334 2.0714285714285716 3.9500000000000006 163.51906521811273 256.24546457489606 2.0500000000000003 1.0000000180025095e-35 2.5277777777777781 0.2678571428571429 1450.7582638023321 1.9500000000000002 0.31666666666666671 2.7888888888888892 252.18040315394288 1517.5422467921064 -227.29344985032478 0.86607142857142871 1.9500000000000002 1.8944444444444446 1450.7582638023321 1.2928571428571431
decision_type=2 2 2 2 2 2 2 2 2 2 2 2 2 2 2 2 2 2 2 2 2 2 2 2 2 2 2 2 2 2
left_child=4 2 8 5 24 10 13 22 15 26 11 18 -8 -7 27 -2 17 -13 -3 20 -16 -11 -4 -24 -1 -22 -6 -10 -29 -15
right_child=1 3 7 -5 9 6 12 -9 14 21 -12 16 -14 29 19 -17 -18 -19 -20 -21 25 -23 23 -25 -26 -27 -28 28 -30 -31
leaf_value=-0.053030925954317125 0.034528606543775466 0.0070700785892213736 0.031781977048034177 0.21487853427284531 -0.020092829341020097 0.050353777249654133 0.10820802248111278 0.13011699520772504 0.0054278163061100976 0.097017814360913779 0.084032354963033698 0.15449079278517852 0.20898604829136921 0.11212362669093508 -0.00027319642065240328 -0.0065868725913601949 0.024925941056930103 0.065331993840242686 0.037353920201119432 0.075053774703432011 0.034484058665601829 0.014853585946063201 0.064225223961268896 0.015035047686912799 -0.037151030744784153 -0.0095715682208538065 -0.00084106144664201096 -0.017750619848569234 0.053637685743160551 0.045708394902093073
leaf_weight=384 60 186 543 27 2558 149 32 61 1744 20 85 21 40 70 138 1849 25 37 232 26 284 23 160 43 1039 39 192 26 63 20
leaf_count=384 60 186 543 27 2558 149 32 61 1744 20 85 21 40 70 138 1849 25 37 232 26 284 23 160 43 1039 39 192 26 63 20
internal_value=3.0372e-05 0.0182099 0.00995387 0.0631475 -0.0256675 0.0583462 0.0917084 0.0449981 0.00325749 -0.0176042 0.0405142 0.0329782 0.166292 0.0686405 0.0102795 -0.00527721 0.077732 0.099685 0.0239274 0.0234295 0.0203617 0.0544059 0.0378731 0.0539304 -0.0414705 0.0291515 -0.0187495 0.00677486 0.0328172 0.0980292
internal_weight=10176 5960 5036 924 4216 897 311 807 4229 2793 586 501 72 239 2320 1909 83 58 418 487 461 43 746 203 1423 323 2750 1833 89 90
internal_count=10176 5960 5036 924 4216 897 311 807 4229 2793 586 501 72 239 2320 1909 83 58 418 487 461 43 746 203 1423 323 2750 1833 89 90
is_linear=0
shrinkage=0.05


Tree=3
num_leaves=31
num_cat=0
split_feature=2 9 2 9 2 0 9 2 3 9 1 9 10 6 3 8 9 8 8 8 9 13 6 0 9 13 8 13 1 9
split_gain=1717.57 799.921 426.938 239.819 194.17 191.93 194.218 175.513 91.5638 84.2777 76.0976 66.2785 58.7779 38.8191 36.0804 33.454 32.7922 30.6165 28.7531 37.3008 27.3875 26.992 30.8519 26.2651 24.6987 24.1366 32.2278 23.6352 45.7484 23.4973
threshold=-11.359672221226331 2.183333333333334 163.51906521811273 5.6833333333333345 -118.35788015452577 1519.0128571376756 3.5277777777777781 344.83713602079871 42.032133527763342 3.3166666666666669 1366.5607307970888 3.9500000000000006 0.93750000000000011 2.183333333333334 1.0000000180025095e-35 2.183333333333334 2.8819444444444451 2.5277777777777781 1.5857142857142861 1.2111111111111115 2.4142857142857146 1.0000000180025095e-35 0.95000000000000007 1637.0588124358815 1.9500000000000002 1.0000000180025095e-35 1.8944444444444446 1.0000000180025095e-35 1393.1781414952625 1.3166666666666669
decision_type=2 2 2 2 2 2 2 2 2 2 2 2 2 2 2 2 2 2 2 2 2 2 2 2 2 2 2 2 2 2
left_child=4 2 8 5 -1 11 10 21 14 24 16 12 15 25 -2 18 23 27 19 -3 -14 22 -4 -7 -6 -10 -27 28 -13 -16
right_child=1 3 7 -5 9 6 -8 -9 13 -11 -12 17 20 -15 29 -17 -18 -19 -20 -21 -22 -23 -24 -25 -26 26 -28 -29 -30 -31
leaf_value=-0.04004970598791649 0.032830478128839713 0.037623864857722886 -0.0010866790646459998 0.20451831822948799 -0.01932218101227913 0.066744092594277354 0.19213678613305094 0.12371608082396579 0.010551182279909799 0.055099050886929041 0.053252989830829767 0.06798123380576726 0.024238480436496249 0.024028794932169747 -0.010735310426201981 -0.0063749308495417894 0.16416032592887464 0.02876776824705303 0.050930941699350134 -0.0096084888492311768 0.076353167993835666 0.018588026366063527 0.044416210552988535 0.13798006022615092 -0.001048299200832844 -0.0040358451991695157 0.053972628057003029 0.052587840651326323 0.16772770079828445 0.00083275269639043129
leaf_weight=1346 60 91 40 27 2632 46 38 61 1335 39 185 31 38 395 1133 91 22 31 93 76 82 174 532 20 199 566 24 33 20 716
leaf_count=1346 60 91 40 27 2632 46 38 61 1335 39 185 31 38 395 1133 91 22 31 93 76 82 174 532 20 199 566 24 33 20 716
internal_value=3.63427e-05 0.0173122 0.00946025 0.0600503 -0.0243841 0.0554789 0.0872072 0.0427631 0.00309661 -0.0170258 0.0719536 0.0385203 0.0300957 0.00976854 -0.00501262 0.0196664 0.110227 0.0724676 0.0287703 0.0161997 0.0601869 0.0359869 0.0412378 0.090068 -0.0180385 0.00683145 -0.00158885 0.0880667 0.109571 -0.00625771
internal_weight=10176 5960 5036 924 4216 897 311 807 4229 2870 273 586 471 2320 1909 351 88 115 260 167 120 746 572 66 2831 1925 590 84 51 1849
internal_count=10176 5960 5036 924 4216 897 311 807 4229 2870 273 586 471 2320 1909 351 88 115 260 167 120 746 572 66 2831 1925 590 84 51 1849
is_linear=0
shrinkage=0.05


Tree=4
num_leaves=31
num_cat=0
split_feature=2 9 2 12 9 2 2 0 2 3 9 6 12 8 7 3 9 8 6 3 6 1 7 5 2 9 8 8 0 3
split_gain=1551.17 723.969 386.355 221.706 201.256 175.566 155.981 112.778 95.5955 85.086 76.0134 68.6503 47.9697 41.9055 36.8528 32.6102 26.7405 26.3414 25.8108 36.1486 25.085 38.9805 24.9277 24.8268 24.7779 24.7543 29.2422 36.6072 24.7309 24.1526
threshold=-11.359672221226331 2.183333333333334 166.84790755740849 3.4166666666666674 4.0500000000000007 -113.99082818637361 344.83713602079871 1453.9698873328421 227.20774820293539 42.032133527763342 3.183333333333334 2.0500000000000003 1.354166666666667 2.183333333333334 0.31666666666666671 1.0000000180025095e-35 1.9500000000000002 2.7888888888888892 1.3875000000000002 283.59552976137098 1.8819444444444446 1458.5240076219593 0.89444444444444449 0.31666666666666671 -227.29344985032478 2.6125000000000003 1.1180555555555558 1.5857142857142861 1473.6227498047926 252.18040315394288
decision_type=2 2 2 2 2 2 2 2 2 2 2 2 2 2 2 2 2 2 2 2 2 2 2 2 2 2 2 2 2 2
left_child=5 2 9 4 8 24 29 -6 13 15 -7 -5 16 25 -9 -2 23 -12 -10 -20 -14 -22 -16 -11 -1 26 -3 -28 -27 -4
right_child=1 3 6 11 7 10 -8 14 18 12 17 -13 20 -15 22 -17 -18 -19 19 -21 21 -23 -24 -25 -26 28 27 -29 -30 -31
leaf_value=-0.048388982322308927 0.031215864908499799 0.048493203853673124 0.028871815225284082 0.099112503937281229 0.045324487559011452 -0.016910417392573675 0.11763004769961681 0.20013010305166246 0.046379405879523869 -0.00048225840103517773 0.089907835707778036 0.19531403046486706 0.016857668575869889 0.0025692112985000546 0.078942744047553456 -0.0059450893877325836 0.02962296027530972 0.011852609552443029 0.049326640161974682 0.12329145585928036 0.088731192983686924 0.02590397952922753 0.15622244427601498 0.011017135880737498 -0.033374072350561619 0.02703389232712133 -0.0062486267300567245 0.040654516189048695 0.062104396990405909 0.049419287374864028
leaf_weight=384 60 93 511 67 45 2750 61 24 42 988 20 28 237 111 26 1849 116 23 28 48 35 83 23 893 1039 83 98 71 137 203
leaf_count=384 60 93 511 67 45 2750 61 24 42 988 20 28 237 111 26 1849 116 23 28 48 35 83 23 893 1039 83 98 71 137 203
internal_value=4.23705e-05 0.01646 0.00899014 0.0571186 0.0487119 -0.023165 0.0414394 0.108983 0.0385701 0.00307987 -0.0158726 0.129206 0.00944353 0.0302961 0.147082 -0.00476139 0.00642555 0.0493756 0.0795468 0.0970358 0.026355 0.0451282 0.117616 0.00498 -0.037457 0.0366628 0.0261098 0.0135795 0.0490554 0.0347747
internal_weight=10176 5960 5036 924 829 4216 775 118 711 4261 2793 95 2352 593 73 1909 1997 43 118 76 355 118 49 1881 1423 482 262 169 220 714
internal_count=10176 5960 5036 924 829 4216 775 118 711 4261 2793 95 2352 593 73 1909 1997 43 118 76 355 118 49 1881 1423 482 262 169 220 714
is_linear=0
shrinkage=0.05


Tree=5
num_leaves=31
num_cat=0
split_feature=2 9 2 2 9 0 2 9 9 0 12 13 9 7 8 12 5 3 1 2 2 9 8 9 12 1 0 13 2 9
split_gain=1471.38 642.357 408.928 214.259 143.248 135.801 118.152 107.502 80.1596 76.4917 72.8433 61.9856 61.0866 56.3431 54.5955 47.2802 45.3805 42.9591 46.8736 36.7517 30.4927 29.0219 28.7686 27.4191 41.9081 26.4474 43.4779 26.2429 57.0749 44.9806
threshold=7.5186539350182793 2.7071428571428577 166.84790755740849 -113.99082818637361 3.9500000000000006 1579.2713466402151 447.87650894483846 4.6833333333333345 2.9500000000000006 1457.3555847819059 1.3875000000000004 1.0000000180025095e-35 1.3166666666666669 0.73214285714285732 2.9500000000000006 2.7083333333333339 0.43650793650793657 252.18040315394288 1517.5422467921064 127.77148353154793 -21.952608207453974 1.9500000000000002 2.8819444444444451 3.0500000000000003 0.3166666666666666 1499.5358124360262 1434.5047927658914 1.0000000180025095e-35 -1.0000000180025095e-35 1.4365079365079367
decision_type=2 2 2 2 2 2 2 2 2 2 2 2 2 2 2 2 2 2 2 2 2 2 2 2 2 2 2 2 2 2
left_child=3 2 10 -1 12 7 17 15 -7 -9 11 -2 -5 -11 -6 19 21 -4 -19 -3 -18 -14 25 -21 -25 26 -23 29 -29 -22
right_child=1 5 6 4 14 8 -8 9 -10 13 -12 -13 16 -15 -16 -17 20 18 -20 23 27 22 -24 24 -26 -27 -28 28 -30 -31
leaf_value=-0.035125153950971003 0.008546831291555779 0.031160672320103323 0.032332015354285905 -0.018139689709853479 0.12000899387316571 0.078823706436042612 0.14361761900885353 0.05023184753289181 0.20423599757975147 0.2165385121236677 0.025134911941688348 -0.0061769430802769637 -0.014955389949898779 0.10015197466485776 0.014465745352208615 0.094906120506181788 -0.0042030750790186099 0.062573982383336196 0.00033307112720129751 0.033619888871908192 -0.012136778705998471 0.0018766492605209351 -0.025155500050575014 0.13948433768863863 0.045061986967921262 -0.023339446224272253 0.053684165035233357 0.0042396778670641096 0.10925983990784045 0.066266906095875641
leaf_weight=1446 2262 184 560 2352 26 25 28 27 30 22 459 1044 651 25 23 55 113 274 34 31 56 105 62 25 24 39 65 25 26 26
leaf_count=1446 2262 184 560 2352 26 25 28 27 30 22 459 1044 651 25 23 55 113 274 34 31 56 105 62 25 24 39 65 25 26 26
internal_value=0.000343827 0.0192273 0.0137219 -0.0188936 -0.0123092 0.0763475 0.044061 0.0657342 0.149656 0.119878 0.00649194 0.00389676 -0.0134994 0.158007 0.0717484 0.0528389 -0.00414773 0.0406879 0.0557265 0.0437498 0.0148927 -0.00923858 0.00449892 0.0719627 0.0950628 0.0133738 0.0218835 0.0310273 0.0588509 0.0132218
internal_weight=10124 5109 4661 5015 3569 448 896 393 55 74 3765 3306 3520 47 49 319 1168 868 308 264 246 922 271 80 49 209 170 133 51 82
internal_count=10124 5109 4661 5015 3569 448 896 393 55 74 3765 3306 3520 47 49 319 1168 868 308 264 246 922 271 80 49 209 170 133 51 82
is_linear=0
shrinkage=0.05


Tree=6
num_leaves=31
num_cat=0
split_feature=2 9 2 2 9 0 2 9 6 9 0 9 9 7 2 7 8 5 12 12 1 6 12 13 2 1 3 9 13 6
split_gain=1328.65 581.831 369.326 193.459 129.705 123.063 107.164 97.6079 74.7281 72.5556 69.36 56.3306 55.1892 53.2739 52.6811 51.1114 49.4612 42.8423 42.736 41.7475 39.0561 60.7227 35.1899 34.3707 33.3878 25.8074 24.9105 24.1312 39.5492 27.4135
threshold=7.5186539350182793 2.7071428571428577 166.84790755740849 -113.99082818637361 3.9500000000000006 1579.2713466402151 447.87650894483846 4.6833333333333345 2.0500000000000003 2.9500000000000006 1457.3555847819059 1.8660714285714288 1.3166666666666669 1.8944444444444446 105.56812212420245 0.73214285714285732 2.9500000000000006 0.31666666666666671 2.7083333333333339 3.1250000000000004 1516.9165893073841 2.0500000000000003 2.7083333333333339 1.0000000180025095e-35 127.77148353154793 1283.5465786219352 180.5599507237911 1.9500000000000002 1.0000000180025095e-35 1.3875000000000002
decision_type=2 2 2 2 2 2 2 2 2 2 2 2 2 2 2 2 2 2 2 2 2 2 2 2 2 2 2 2 2 2
left_child=3 2 8 26 12 7 20 18 11 -7 -9 23 -5 14 -13 -12 -6 -14 24 -10 21 -4 -23 -2 -3 -26 -1 29 -29 -19
right_child=1 5 6 4 16 9 -8 10 19 -11 15 13 17 -15 -16 -17 -18 27 -20 -21 -22 22 -24 -25 25 -27 -28 28 -30 -31
leaf_value=-0.027215556741066863 0.0035898164869662521 0.029611061494042343 0.035990945214606239 -0.017233090605499692 0.11423078288358671 0.075034103575699895 0.13668435637293191 0.047809953699886269 0.01825804110397938 0.19435360939993013 0.20618232559898628 0.0041691245077407528 -0.012268672600892703 0.086151359478632616 0.041262923469408776 0.095336975214573058 0.013772594820087157 -0.00870114427013516 0.090245553491903219 0.082914100128870752 0.018283341941795254 0.058954640448093412 0.11940033725113608 -0.008978713487015396 0.040007322472736764 0.098157009346267365 -0.040486740694006818 0.064396191717580306 -0.010107438506618624 0.016587807361634902
leaf_weight=778 1731 184 526 2352 26 25 28 27 698 30 22 364 664 26 129 25 23 240 55 25 187 124 31 792 42 38 668 42 30 192
leaf_count=778 1731 184 526 2352 26 25 28 27 698 30 22 364 664 26 129 25 23 240 55 25 187 124 31 792 42 38 668 42 30 192
internal_value=0.00033403 0.0182782 0.0130386 -0.0179465 -0.01169 0.0726408 0.0418712 0.0625377 0.0061677 0.142426 0.114128 0.00273067 -0.0128225 0.0177154 0.0139391 0.150437 0.0682955 -0.0039337 0.0502507 0.0206052 0.038659 0.044219 0.0717317 -0.00035759 0.0416094 0.0684992 -0.0333701 0.00704985 0.0336398 0.00255074
internal_weight=10124 5109 4661 5015 3569 448 896 393 3765 55 74 3042 3520 519 493 47 49 1168 319 723 868 681 155 2523 264 80 1446 504 72 432
internal_count=10124 5109 4661 5015 3569 448 896 393 3765 55 74 3042 3520 519 493 47 49 1168 319 723 868 681 155 2523 264 80 1446 504 72 432
is_linear=0
shrinkage=0.05


Tree=7
num_leaves=31
num_cat=0
split_feature=2 9 2 2 9 0 2 9 6 9 0 3 9 9 7 8 3 12 12 3 1 7 2 6 8 9 12 7 1 0
split_gain=1200.05 526.797 333.662 174.674 117.447 111.546 97.1801 88.6564 67.4811 65.6729 62.8933 51.8035 51.7718 50.577 46.3655 44.876 40.4657 38.6514 37.9632 37.3543 40.2872 36.7017 30.2603 27.0692 25.6138 24.6312 38.0553 24.4838 25.9683 32.1216
threshold=7.5186539350182793 2.7071428571428577 166.84790755740849 -113.99082818637361 3.9500000000000006 1579.2713466402151 447.87650894483846 4.6833333333333345 2.0500000000000003 2.9500000000000006 1457.3555847819059 76.95518082323089 1.7071428571428573 1.8660714285714288 0.73214285714285732 3.0500000000000003 1.0000000180025095e-35 2.7083333333333339 2.2916666666666674 252.18040315394288 1517.5422467921064 1.3875000000000002 127.77148353154793 2.2928571428571431 2.9500000000000006 3.0500000000000003 0.3166666666666666 0.95000000000000007 1502.7758342576014 1434.5047927658914
decision_type=2 2 2 2 2 2 2 2 2 2 2 2 2 2 2 2 2 2 2 2 2 2 2 2 2 2 2 2 2 2
left_child=3 2 8 -1 12 7 19 17 11 -7 -9 -2 16 -13 -12 -6 -5 22 -10 -4 23 -15 -3 -21 27 -24 -27 -14 29 -29
right_child=1 5 6 4 15 9 -8 10 18 -11 14 13 24 21 -16 -17 -18 -19 -20 20 -22 -23 25 -25 -26 26 -28 28 -30 -31
leaf_value=-0.031703942928671756 -0.0027538963802322585 0.028138511645028719 0.02895270898828612 0.027221076922458516 0.10702043539578361 0.071426695348838207 0.13008579930354811 0.04550483200166907 0.016468271653900839 0.18494940353257042 0.19632143050586581 0.0056408652349916747 -0.0091159763072545721 0.023931313563009787 0.090753466922503259 0.011037508924694165 -0.015350946905417912 0.085813851448308151 0.06213749789309745 0.04854016460610816 -0.00057115441720400543 0.084389398953524139 0.028963264952471948 0.087641378714687246 -0.021964534228465643 0.12928936266197036 0.039583068162202834 0.0088909985058093343 -0.0031464472029012502 0.0533895056890814
leaf_weight=1446 1819 184 560 56 27 25 28 27 675 30 22 993 129 202 25 22 2994 55 48 216 34 28 31 58 82 25 24 88 96 75
leaf_count=1446 1819 184 560 56 27 25 28 27 675 30 22 993 129 202 25 22 2994 55 48 216 34 28 31 58 82 25 24 88 96 75
internal_value=0.000325063 0.0173787 0.0123931 -0.0170483 -0.0111032 0.0691064 0.0397982 0.0594879 0.00586234 0.135545 0.108655 0.00259621 -0.0121809 0.0105493 0.143229 0.0650087 -0.0145606 0.0477785 0.0195819 0.0367394 0.0507575 0.0316249 0.0395606 0.0571057 0.00326022 0.0651596 0.087022 0.00863398 0.0174758 0.0295665
internal_weight=10124 5109 4661 5015 3569 448 896 393 3765 55 74 3042 3520 1223 47 49 3050 319 723 868 308 230 264 274 470 80 49 388 259 163
internal_count=10124 5109 4661 5015 3569 448 896 393 3765 55 74 3042 3520 1223 47 49 3050 319 723 868 308 230 264 274 470 80 49 388 259 163
is_linear=0
shrinkage=0.05


Tree=8
num_leaves=31
num_cat=0
split_feature=2 9 2 2 9 0 2 9 12 9 0 13 9 7 8 3 0 2 2 8 5 3 1 6 2 9 7 6 6 1
split_gain=1083.86 477.114 301.389 157.697 106.336 101.082 88.1328 80.4957 61.0999 59.4431 57.0295 52.9602 46.7394 42.0602 40.7653 36.564 36.2653 40.6775 41.9253 40.7714 36.031 33.776 36.3932 32.7652 32.5791 32.4466 24.7815 24.516 23.6946 29.0127
threshold=7.5186539350182793 2.7071428571428577 166.84790755740849 -113.99082818637361 3.9500000000000006 1579.2713466402151 447.87650894483846 4.6833333333333345 1.354166666666667 2.9500000000000006 1457.3555847819059 1.0000000180025095e-35 1.7071428571428573 0.73214285714285732 2.9500000000000006 1.0000000180025095e-35 1413.7538198350608 127.77148353154793 94.199090772371861 1.5857142857142861 0.2678571428571429 252.18040315394288 1517.5422467921064 2.0500000000000003 107.21791034623233 1.7638888888888891 0.68333333333333346 2.2928571428571431 1.9500000000000002 1500.8081774451687
decision_type=2 2 2 2 2 2 2 2 2 2 2 2 2 2 2 2 2 2 2 2 2 2 2 2 2 2 2 2 2 2
left_child=3 2 8 -1 12 7 21 16 11 -7 -9 23 15 -12 -6 -5 -3 18 20 26 -18 -4 27 24 -2 -26 -19 -23 -10 -30
right_child=1 5 6 4 14 9 -8 10 28 -11 13 -13 -14 -15 -16 -17 17 19 -20 -21 -22 22 -24 -25 25 -27 -28 -29 29 -31
leaf_value=-0.030119841211136245 0.0014157069828298978 0.010208679867915994 0.027507654265195559 0.025883901629008745 0.10357794665076114 0.067992719696261569 0.12380579489058462 0.043310848862997131 0.015763674875830903 0.17600023852240654 0.18693214518868406 -0.0061249779438300213 0.0031001850697676596 0.086390320491045725 0.012383813240254921 -0.014583655851014669 0.035167149970641173 0.033713632565355159 -0.016717023749289843 0.14102202302945607 0.094920517482301778 0.046124340876403658 -0.00054341231871928486 0.020696007259247542 0.0092319897026346444 0.042776530339699435 0.095235391656557727 0.083333581382945443 0.069457537990133725 0.019844110347330572
leaf_weight=1446 1494 60 560 56 26 25 28 27 339 30 22 1043 470 25 23 2994 108 40 28 21 33 216 34 388 284 96 29 58 52 69
leaf_count=1446 1494 60 560 56 26 25 28 27 339 30 22 1043 470 25 23 2994 108 40 28 21 33 216 34 388 284 96 29 58 52 69
internal_value=0.000316274 0.0165234 0.0117786 -0.0161946 -0.0105458 0.0657514 0.0378248 0.0565953 0.00557174 0.128997 0.103444 0.00319213 -0.0115713 0.136366 0.0618763 -0.0138324 0.0454383 0.053529 0.0386807 0.0806792 0.049722 0.0349119 0.0482416 0.00748903 0.00474503 0.0177964 0.0605617 0.0542751 0.0226247 0.0415601
internal_weight=10124 5109 4661 5015 3569 448 896 393 3765 55 74 3305 3520 47 49 3050 319 259 169 90 141 868 308 2262 1874 380 69 274 460 121
internal_count=10124 5109 4661 5015 3569 448 896 393 3765 55 74 3305 3520 47 49 3050 319 259 169 90 141 868 308 2262 1874 380 69 274 460 121
is_linear=0
shrinkage=0.05


Tree=9
num_leaves=31
num_cat=0
split_feature=2 9 2 9 12 0 2 2 13 3 6 6 3 11 3 3 9 5 13 13 6 3 7 6 5 3 9 4 9 3
split_gain=981.346 498.746 245.452 164.426 127.675 121.551 96.1179 77.4565 71.3045 59.3337 51.0473 46.9195 40.3579 32.419 32.3963 42.7899 31.4575 29.1841 27.7957 27.5151 35.134 25.3036 24.8562 24.7896 24.385 22.5632 22.5311 22.3224 22.0067 21.5045
threshold=-11.359672221226331 2.183333333333334 166.84790755740849 4.0500000000000007 3.5500000000000003 1457.3555847819059 -113.99082818637361 107.21791034623233 1.0000000180025095e-35 435.05215669570163 2.0500000000000003 2.0500000000000003 76.95518082323089 0.31666666666666671 13.013272004162561 7.587658659165414 1.6458333333333337 1.0000000180025095e-35 1.0000000180025095e-35 1.0000000180025095e-35 0.95000000000000007 17.951959956090381 1.4722222222222225 1.2361111111111114 1.0000000180025095e-35 180.5599507237911 1.8660714285714288 0.88194444444444453 5.6833333333333345 8.5351490774547774
decision_type=2 2 2 2 2 2 2 2 2 2 2 2 2 2 2 2 2 2 2 2 2 2 2 2 2 2 2 2 2 2
left_child=6 2 10 4 7 24 25 14 23 19 12 -6 17 -9 15 -3 -8 -2 27 20 -4 -16 -18 -7 -5 -1 -14 29 -10 -12
right_child=1 3 9 5 11 8 16 13 28 -11 18 -13 26 -15 21 -17 22 -19 -20 -21 -22 -23 -24 -25 -26 -27 -28 -29 -30 -31
leaf_value=-0.022769304970339115 0.021807974151202614 0.015029047225724977 -0.0040624245343839419 -0.0081788710064508701 0.070268847468368562 0.21417918835173955 -0.01496451465575916 0.055987342310348347 0.042232953318549947 0.11450149538842114 -0.0134793820977211 0.15987203599264224 0.0050957040190396895 0.013367713959464296 -0.034515467224021754 0.087531083931817744 -0.0086635449770050988 -0.0051650266684973769 0.00081621467721968539 0.01212969227059252 0.039724024755081966 0.013708103128089066 0.017017521515013057 0.13062872305031745 0.059623262198375805 -0.035378862871761993 0.027875114762086851 -0.012288947403430939 0.11439631531905869 0.027553570776049481
leaf_weight=778 104 52 50 21 46 21 2331 278 23 21 34 23 993 54 29 33 283 2242 258 156 524 295 140 30 34 668 121 45 22 415
leaf_count=778 104 52 50 21 46 21 2331 278 23 21 34 23 993 54 29 33 283 2242 258 156 524 295 140 30 34 668 121 45 22 415
internal_value=0.000307906 0.0134146 0.00702629 0.0463649 0.0373489 0.0941646 -0.0181776 0.0312 0.127898 0.0333395 0.00232784 0.101994 -0.000239649 0.0491162 0.0165725 0.0438674 -0.012689 -0.00396051 0.0141257 0.0308513 0.0359094 0.00929888 -0.000143812 0.168489 0.0340514 -0.0286149 0.00759273 0.021061 0.0792327 0.0244233
internal_weight=10124 5924 4963 961 810 151 4200 741 96 751 4212 69 3460 332 409 85 2754 2346 752 730 574 324 423 51 55 1446 1114 494 45 449
internal_count=10124 5924 4963 961 810 151 4200 741 96 751 4212 69 3460 332 409 85 2754 2346 752 730 574 324 423 51 55 1446 1114 494 45 449
is_linear=0
shrinkage=0.05


Tree=10
num_leaves=31
num_cat=0
split_feature=2 9 2 3 9 9 0 0 9 3 3 7 2 2 12 3 1 12 10 8 12 5 8 7 4 7 8 0 0 2
split_gain=839.399 503.084 200.697 142.69 121.08 74.7875 66.4654 62.7226 68.0888 59.4405 48.3568 35.6653 38.8999 41.4932 35.3178 34.8156 42.2776 30.7704 25.1689 22.1274 40.6442 22.1168 21.0841 33.3298 27.4924 27.1338 19.9868 19.7132 19.5776 19.496
threshold=-21.952608207453974 1.9500000000000002 139.50009115755827 209.1523928924677 5.1214285714285728 2.9500000000000006 1533.2742704523832 1431.3608844108533 3.183333333333334 118.67975883927899 328.3193816101205 2.0500000000000003 -2.3862306661458201 46.457818184728019 0.44444444444444453 34.455514664178061 1440.863774720716 3.5500000000000003 0.38750000000000007 1.6833333333333336 0.3166666666666666 1.0000000180025095e-35 1.1833333333333336 0.95000000000000007 0.58571428571428574 0.58571428571428574 2.5277777777777781 1469.8764220973683 1376.9520367193807 -11.359672221226331
decision_type=2 2 2 2 2 2 2 2 2 2 2 2 2 2 2 2 2 2 2 2 2 2 2 2 2 2 2 2 2 2
left_child=9 2 18 4 7 22 -7 -3 11 -1 17 12 29 21 -12 27 -17 -4 -2 -15 -21 -14 23 24 -5 -26 -20 -10 -11 -9
right_child=1 3 10 5 -6 6 -8 8 15 28 14 -13 13 19 -16 16 -18 -19 26 20 -22 -23 -24 -25 25 -27 -28 -29 -30 -31
leaf_value=-0.013899589034198051 -0.0072048305239767602 0.0040194422591270677 0.019010313182487283 0.051744636455883411 0.10962417261040909 0.055007612132109134 0.16316996722629196 0.032994009306033453 0.060117036433376625 -0.03606867866514684 0.11307991699626048 0.087905002150522632 0.02431189263239503 0.024479574475052262 0.03816167053479988 0.058487900953135788 0.13011783332443769 0.066275347236336934 0.0021497103022366099 0.097465423542645674 0.014525819700211287 -0.013426560603759505 0.029913284961896186 0.022772773666656577 0.060511009022593501 0.14135469033800324 -0.027249745923583792 0.0017551837520052992 -0.022915754348459834 0.10364783115007661
leaf_weight=2435 1136 224 908 41 46 25 37 20 28 416 23 22 59 346 51 73 30 35 2873 30 29 109 54 31 20 28 58 29 921 21
leaf_count=2435 1136 224 908 41 46 25 37 20 28 416 23 22 59 346 51 73 30 35 2873 30 29 109 54 31 20 28 58 29 921 21
internal_value=0.000138366 0.0111843 0.0040793 0.0389031 0.0310617 0.0740418 0.121122 0.0274148 0.0339851 -0.0185604 0.0239338 0.0265751 0.0242383 0.0207899 0.0626443 0.063092 0.0804015 0.0208329 -0.000890206 0.0294375 0.05762 -0.00010774 0.05667 0.0683638 0.0838144 0.109592 0.00155884 0.0309664 -0.0270321 0.0707887
internal_weight=10158 6386 5084 1302 1066 236 62 1020 796 3772 1017 636 614 573 74 160 103 943 4067 405 59 168 174 120 89 48 2931 57 1337 41
internal_count=10158 6386 5084 1302 1066 236 62 1020 796 3772 1017 636 614 573 74 160 103 943 4067 405 59 168 174 120 89 48 2931 57 1337 41
is_linear=0
shrinkage=0.05


Tree=11
num_leaves=31
num_cat=0
split_feature=2 2 2 12 2 2 5 0 0 6 1 11 3 12 12 7 12 11 12 3 11 8 12 6 2 2 8 8 0 4
split_gain=759.707 234.155 206.629 129.87 75.6346 52.086 49.5801 47.6864 45.5372 40.9686 39.033 38.0775 35.8924 32.4623 29.3306 28.3494 25.3329 25.5041 24.1647 23.5807 22.5208 28.4145 37.4759 24.8068 31.2968 23.5714 21.0398 19.3383 26.8684 23.5549
threshold=46.457818184728019 323.36524959857735 -44.884728713377505 3.4166666666666674 139.50009115755827 447.87650894483846 1.0000000180025095e-35 1451.8812004985959 1477.8571169074828 0.81666666666666676 1379.8973460413799 0.31666666666666671 190.3088991364373 5.2500000000000009 1.6458333333333337 0.95000000000000007 0.11805555555555559 1.0000000180025095e-35 2.4500000000000006 277.00331346637967 0.29285714285714287 1.3875000000000002 0.20000000000000015 2.2928571428571431 107.21791034623233 101.45568745210939 1.267857142857143 1.1833333333333336 1767.0551605569399 0.58571428571428574
decision_type=2 2 2 2 2 2 2 2 2 2 2 2 2 2 2 2 2 2 2 2 2 2 2 2 2 2 2 2 2 2
left_child=2 3 12 4 11 27 7 -4 9 -9 -6 20 -1 15 -8 -5 19 -18 -7 -12 21 -2 -23 24 -22 -25 -10 28 29 -3
right_child=1 5 6 13 10 18 14 8 26 -11 16 -13 -14 -15 -16 -17 17 -19 -20 -21 23 22 -24 25 -26 -27 -28 -29 -30 -31
leaf_value=-0.016932769012143412 0.00081270420249820573 0.055667381124062977 -0.020081421817568217 0.02087778254442484 0.038896653015988797 0.1652928698807955 -0.0044532802495563031 0.016522660496689025 0.036434999562687045 0.10926496233911283 0.024101507879793645 -0.002823615644152734 -0.03070253329668321 0.11651429225504401 0.01689304599976715 0.073640640843058797 0.020687857724698194 -0.0027038638905371327 0.081335209458219745 0.071198805652815722 0.0085379556044436616 -0.012825956110630119 0.034669945056502442 0.053364889669944265 0.034552823770291251 0.0049452895852359572 -0.0044091255472759249 0.024207871104590595 0.042999793837467833 0.13210232508182526
leaf_weight=2478 610 21 54 45 315 20 3021 20 65 30 374 581 587 24 169 61 265 207 21 28 521 56 155 84 148 36 60 31 47 24
leaf_count=2478 610 21 54 45 315 20 3021 20 65 30 374 581 587 24 169 61 265 207 21 28 521 56 155 84 148 36 60 31 47 24
internal_value=0.000138298 0.0183007 -0.0101542 0.0155592 0.0136615 0.0765237 -0.00170191 0.0207194 0.0333519 0.0732194 0.0238107 0.00814545 -0.0195791 0.0644195 -0.00331745 0.0516458 0.0183353 0.0104452 0.125251 0.0275504 0.0121031 0.0062944 0.0220634 0.0181319 0.0143361 0.0389999 0.0169504 0.0594023 0.0708734 0.0984183
internal_weight=10158 3674 6484 3510 3380 164 3419 229 175 50 1189 2191 3065 130 3190 106 874 472 41 402 1610 821 211 789 669 120 125 123 92 45
internal_count=10158 3674 6484 3510 3380 164 3419 229 175 50 1189 2191 3065 130 3190 106 874 472 41 402 1610 821 211 789 669 120 125 123 92 45
is_linear=0
shrinkage=0.05


Tree=12
num_leaves=31
num_cat=0
split_feature=2 9 2 9 0 3 0 7 3 3 2 3 8 5 7 1 5 6 6 10 3 1 1 10 10 7 8 10 6 1
split_gain=688.889 434.45 162.899 120.711 146.04 72.4886 51.7695 51.4075 49.5123 43.4622 42.2178 38.9728 36.5537 35.7707 41.3414 41.3165 31.6332 30.5175 26.3027 24.8373 22.9593 35.3436 21.85 29.0642 32.9448 27.1399 25.4715 22.6944 19.1089 34.4738
threshold=-21.952608207453974 1.9500000000000002 139.50009115755827 3.2250000000000005 1522.2386181613458 76.216662056951819 1356.5342243784373 1.7321428571428574 118.67975883927899 396.34811285793597 157.19265002174942 328.3193816101205 2.183333333333334 1.0000000180025095e-35 0.21111111111111114 1409.4481612685142 1.0000000180025095e-35 2.0500000000000003 2.5277777777777781 0.47222222222222227 10.703829688963426 1458.5240076219593 1425.3940886462801 0.86607142857142871 0.47222222222222227 0.43650793650793657 1.3875000000000002 0.18333333333333338 1.7638888888888891 1533.2217730573987
decision_type=2 2 2 2 2 2 2 2 2 2 2 2 2 2 2 2 2 2 2 2 2 2 2 2 2 2 2 2 2 2
left_child=8 2 17 5 6 18 -5 9 -1 22 -6 28 13 14 -8 -15 -14 -2 20 -13 21 -3 23 24 25 -7 -24 -27 -4 -30
right_child=1 3 11 4 10 7 12 -9 -10 -11 -12 19 16 15 -16 -17 -18 -19 -20 -21 -22 -23 26 -25 -26 27 -28 -29 29 -31
leaf_value=-0.012549180164321501 -0.002863577307937985 0.0029629688399533433 0.012187570083757681 -0.025898756521443529 0.084929351881146434 0.0028807682505007405 0.081654799945120315 0.10709942819343672 -0.024534654019815329 0.091660213622857228 0.16828787247924246 0.096061091698133039 0.059622759797383809 0.05617188738659025 0.0070505425515698219 0.13546115881181323 -0.0021396486884138238 0.0087910824156411955 0.061057099814598385 0.034318383131176237 0.0032522037938525457 0.067415522959960922 0.0064487043132190587 0.056779542908201544 -0.012481230638141549 0.0055543783450654402 0.060949462688026528 0.061527568270881364 0.038032934608043023 0.008788018757193294
leaf_weight=2435 3395 47 520 23 35 42 34 26 1337 32 33 25 36 39 40 31 47 672 25 49 335 38 124 137 42 23 25 88 256 167
leaf_count=2435 3395 47 520 23 35 42 34 26 1337 32 33 25 36 39 40 31 47 672 25 49 335 38 124 137 42 23 25 88 256 167
internal_value=0.000136741 0.0101435 0.00354096 0.0359022 0.0626634 0.0271989 0.0446629 0.0395172 -0.0168029 0.0358902 0.127235 0.0214284 0.0518946 0.067094 0.0419599 0.0926991 0.0250397 -0.000936163 0.0122234 0.0561801 0.00917855 0.0322259 0.0319975 0.0391352 0.0265124 0.0372281 0.0159385 0.0500827 0.0186447 0.026535
internal_weight=10158 6386 5084 1302 318 984 250 539 3772 513 68 1017 227 144 74 70 83 4067 445 74 420 85 481 332 195 153 149 111 943 423
internal_count=10158 6386 5084 1302 318 984 250 539 3772 513 68 1017 227 144 74 70 83 4067 445 74 420 85 481 332 195 153 149 111 943 423
is_linear=0
shrinkage=0.05


Tree=13
num_leaves=31
num_cat=0
split_feature=2 2 9 9 12 1 2 12 8 9 3 9 6 9 8 2 12 13 12 5 8 0 2 8 6 12 11 1 1 1
split_gain=628.457 276.113 199.149 170.414 81.9151 67.4837 66.8829 55.0591 51.2869 48.7341 44.69 43.8888 45.0079 42.1188 42.6203 36.9093 37.953 31.6822 27.9923 36.1331 27.7124 29.6948 28.2442 24.385 19.5402 19.4643 18.8501 27.5573 28.0917 25.5799
threshold=107.21791034623233 -21.952608207453974 2.0500000000000003 2.8166666666666669 5.2500000000000009 1393.1781414952625 447.87650894483846 4.1250000000000009 2.7888888888888892 4.4222222222222234 118.67975883927899 1.9500000000000002 2.5634920634920637 3.3166666666666669 1.0500000000000003 323.36524959857735 0.44444444444444453 1.0000000180025095e-35 1.8730158730158732 0.38750000000000007 1.5857142857142861 1450.7582638023321 70.286022127946708 1.1180555555555558 2.0500000000000003 0.73214285714285732 0.31666666666666671 1423.168258399701 1401.4760194256639 1456.1121480959748
decision_type=2 2 2 2 2 2 2 2 2 2 2 2 2 2 2 2 2 2 2 2 2 2 2 2 2 2 2 2 2 2
left_child=1 10 7 11 6 25 9 15 13 26 -1 24 18 -7 -15 -2 -17 -16 19 20 -13 -22 -23 -20 -3 -5 27 28 -4 -29
right_child=2 3 4 5 -6 8 -8 -9 -10 -11 -12 12 -14 14 17 16 -18 -19 23 -21 21 22 -24 -25 -26 -27 -28 29 -30 -31
leaf_value=-0.011921978813453849 0.013367279719334314 -0.003588087064624225 0.047371558788019408 -0.018710068419843198 0.14819745019829664 0.031210543117749526 0.13426117993552575 0.091590595330732563 0.0033510183045444525 0.10973251234326098 -0.023308838287755426 -0.013100656878125947 0.075529708699988471 0.038356502989635749 0.14300173305802874 0.098193493743355453 0.023534732318992887 0.07291300649705687 0.080652108943710721 0.046336348736262384 -0.0048859753699480807 0.018426854694607083 0.087459947461528451 0.016918596265794235 0.0065537189525927608 0.028134847911340851 0.015282451209393056 -0.016375488380435854 0.10759906379336662 0.040399390207339993
leaf_weight=2435 1443 3037 235 46 21 52 21 23 37 26 1337 192 27 33 35 25 52 37 23 46 86 53 20 42 562 41 67 31 21 52
leaf_count=2435 1443 3037 235 46 21 52 21 23 37 26 1337 192 27 33 35 25 52 37 23 46 86 53 20 42 562 41 67 31 21 52
internal_value=0.000136 -0.00605495 0.0251145 0.0025011 0.0534318 0.0400946 0.0487219 0.0163866 0.0564327 0.0442633 -0.0159632 -9.21672e-05 0.0139469 0.068842 0.0870083 0.0151892 0.0487227 0.108476 0.0101926 0.00516586 -0.000346016 0.0150414 0.0382663 0.0403508 -0.00200302 0.00343512 0.0398114 0.0446001 0.0527115 0.0192518
internal_weight=10158 8141 2017 4369 474 281 453 1543 194 432 3772 4088 489 157 105 1520 77 72 462 397 351 159 73 65 3599 87 406 339 256 83
internal_count=10158 8141 2017 4369 474 281 453 1543 194 432 3772 4088 489 157 105 1520 77 72 462 397 351 159 73 65 3599 87 406 339 256 83
is_linear=0
shrinkage=0.05


Tree=14
num_leaves=31
num_cat=0
split_feature=2 9 9 3 2 12 0 9 3 8 8 9 0 0 9 8 12 3 1 8 12 5 10 12 6 9 12 5 0 6
split_gain=570.324 259.638 139.553 122.619 113.772 101.975 55.2437 64.5108 50.1383 48.8138 48.6751 41.3784 48.6459 32.2299 29.3479 28.2879 27.5856 27.545 26.4957 26.303 27.3591 25.5166 25.4518 25.3909 23.9093 21.8299 39.0948 23.1905 20.3675 19.4101
threshold=36.052891701925667 2.535714285714286 4.1125000000000007 265.31013606696723 -44.884728713377505 3.4166666666666674 1444.8741263485792 4.8166666666666673 98.728554756083795 3.0500000000000003 1.788888888888889 1.788888888888889 1637.0588124358815 1526.4733914732317 1.2111111111111115 2.183333333333334 1.6904761904761909 190.3088991364373 1366.5607307970888 1.0500000000000003 2.7083333333333339 0.18333333333333338 0.93750000000000011 4.1250000000000009 2.1055555555555561 1.8166666666666669 1.6458333333333337 0.31666666666666671 1580.5129880559546 1.1833333333333336
decision_type=2 2 2 2 2 2 2 2 2 2 2 2 2 2 2 2 2 2 2 2 2 2 2 2 2 2 2 2 2 2
left_child=2 3 4 8 17 6 -3 18 16 10 -4 21 -13 -7 -6 25 -2 -1 28 -18 -21 -5 -14 -10 -20 27 -27 -16 29 -8
right_child=1 5 9 11 14 13 7 -9 23 -11 -12 12 22 -15 15 -17 19 -19 24 20 -22 -23 -24 -25 -26 26 -28 -29 -30 -31
leaf_value=-0.014717157063410952 -0.0004769770775030706 0.01008204907916908 0.034757951511578129 -0.011245445625202077 -0.0080846274483867865 0.058237381214680889 0.079313019356306858 0.12666770005943601 0.013014703610397716 -0.0015125001470247905 0.14118898048376044 0.018927488503977657 0.1164513598982012 0.13786939889949282 -0.0069037688980909343 -0.0140628060249691 -0.00048204977031084985 -0.026781910541942535 0.020423877648539656 0.067494697736369236 0.0067853662100705236 0.036486663017421962 0.056379225854881303 0.063864011205732818 0.072937405397425645 0.010251682209060857 0.068625831854296854 0.0092101935374681726 0.10312135543387671 0.028680290215803934
leaf_weight=2473 1521 105 21 36 1561 22 33 26 1633 20 23 39 39 39 460 234 67 587 118 44 32 119 38 24 26 283 31 432 25 47
leaf_count=2473 1521 105 21 36 1561 22 33 26 1633 20 23 39 39 39 460 234 67 587 118 44 32 119 38 24 26 283 31 432 25 47
internal_value=0.000136024 0.0147344 -0.00947709 0.0102815 -0.010257 0.0508986 0.0410576 0.0528052 0.00763548 0.0634069 0.0922936 0.0425598 0.0650764 0.110552 -0.0033378 0.00180994 0.00150297 -0.0170395 0.0446168 0.0224194 0.042353 0.0253995 0.0879083 0.0137893 0.0303431 0.00489882 0.0162143 0.000901877 0.0637212 0.0502876
internal_weight=10158 4033 6125 3592 6061 441 380 275 3321 64 44 271 116 61 3001 1440 1664 3060 249 143 76 155 77 1657 144 1206 314 892 105 80
internal_count=10158 4033 6125 3592 6061 441 380 275 3321 64 44 271 116 61 3001 1440 1664 3060 249 143 76 155 77 1657 144 1206 314 892 105 80
is_linear=0
shrinkage=0.05


Tree=15
num_leaves=31
num_cat=0
split_feature=2 9 3 9 6 9 3 2 8 9 12 8 2 9 6 13 9 9 6 1 9 8 2 6 9 12 12 5 9 8
split_gain=565.176 310.32 204.992 130.106 93.5592 86.4106 72.0765 66.8744 65.4216 52.5448 37.8906 35.3435 33.4794 28.0443 27.0374 26.0361 25.3119 24.7107 45.4613 24.3295 23.7817 34.7463 26.1177 22.966 22.9114 31.5358 21.3614 19.8248 33.6187 35.3859
threshold=7.5186539350182793 2.6125000000000003 252.18040315394288 5.6833333333333345 2.0500000000000003 3.9500000000000006 115.49164882016693 -113.99082818637361 2.9500000000000006 3.3166666666666669 1.6458333333333337 2.1055555555555561 447.87650894483846 1.5857142857142861 1.8819444444444446 1.0000000180025095e-35 2.0500000000000003 1.788888888888889 2.183333333333334 1593.9268988197525 4.4222222222222234 1.6833333333333336 121.75104078343544 2.0500000000000003 1.1180555555555558 -1.6333333333333331 3.9000000000000004 0.31666666666666671 1.9500000000000002 1.9500000000000002
decision_type=2 2 2 2 2 2 2 2 2 2 2 2 2 2 2 2 2 2 2 2 2 2 2 2 2 2 2 2 2 2
left_child=5 2 6 4 11 7 10 -1 -7 -6 15 20 17 14 -8 23 26 -4 -19 -16 21 22 -3 -2 -9 -26 -12 -27 -29 -30
right_child=1 3 12 -5 9 8 13 24 -10 -11 16 -13 -14 -15 19 -17 -18 18 -20 -21 -22 -23 -24 -25 25 27 -28 28 29 -31
leaf_value=-0.02185704512162167 -0.00031616440598546472 0.010682080552320589 0.028186732429195439 0.16927373788573527 0.053744289483357632 0.12149998254719235 0.0017305989265269763 -0.012872887795651003 -0.00053949551268791163 0.14421120963313364 0.018077258008711152 0.0062247667400080753 0.097971177717735031 0.024098483527358404 0.028904657607647377 -0.0082587103483508055 0.060497398726874964 0.039561798731966691 0.10966007051756606 -6.3774301143327983e-05 0.076123165835262005 0.076981508913873287 0.04619449999183417 0.014746734351906555 -0.025869843805706279 -0.0080433612421954917 -0.031881555684473525 0.00011099030647857961 0.066496954765170813 -0.013111498139121318
leaf_weight=1424 1561 109 168 21 35 20 513 1848 23 32 202 86 28 480 233 892 31 92 31 105 45 43 99 301 160 800 23 673 39 21
leaf_count=1424 1561 109 168 21 35 20 513 1848 23 32 202 86 28 480 233 892 31 92 31 105 45 43 99 301 160 800 23 673 39 21
internal_value=-0.000145239 0.011518 0.00760695 0.0501968 0.0442637 -0.0120925 0.00475885 -0.0127084 0.0576944 0.0984377 0.000473291 0.0345297 0.0462284 0.0144428 0.00897472 -0.0012397 0.0188344 0.0409313 0.0579707 0.0199319 0.0427048 0.0364352 0.0277248 0.00212542 -0.00902414 -0.00481791 0.0128519 -0.00260528 0.00333274 0.0388758
internal_weight=10138 5130 4660 470 449 5008 4341 4965 43 67 3010 382 319 1331 851 2754 256 291 123 338 296 251 208 1862 3541 1693 225 1533 733 60
internal_count=10138 5130 4660 470 449 5008 4341 4965 43 67 3010 382 319 1331 851 2754 256 291 123 338 296 251 208 1862 3541 1693 225 1533 733 60
is_linear=0
shrinkage=0.05


Tree=16
num_leaves=31
num_cat=0
split_feature=2 3 7 2 3 6 2 12 11 12 2 6 12 11 6 0 1 7 12 0 7 4 4 0 10 12 1 7 6 5
split_gain=510.451 237.412 140.49 73.523 72.6524 54.5597 54.3223 54.0714 40.5019 36.0384 28.334 27.3544 26.3421 25.0989 28.6977 35.0427 19.4709 27.8317 17.7955 23.2193 19.8021 24.9714 20.4627 41.5281 17.7116 16.4822 16.4634 17.9153 20.0766 16.3316
threshold=7.5186539350182793 252.18040315394288 1.0000000180025095e-35 107.21791034623233 49.317470363122659 1.5857142857142861 447.87650894483846 4.5833333333333348 0.31666666666666671 1.6458333333333337 -169.27972311575454 2.0500000000000003 3.4166666666666674 0.38750000000000007 2.183333333333334 1767.0551605569399 1504.3751661265085 1.6833333333333336 -1.0000000180025095e-35 1580.5129880559546 0.81666666666666676 0.84523809523809534 0.58571428571428574 1530.982728835326 0.38750000000000007 2.4500000000000006 1479.6698481119981 0.73214285714285732 1.2928571428571431 1.0000000180025095e-35
decision_type=2 2 2 2 2 2 2 2 2 2 2 2 2 2 2 2 2 2 2 2 2 2 2 2 2 2 2 2 2 2
left_child=4 2 5 9 29 -2 7 13 12 11 -6 24 16 14 -3 -16 17 -5 -13 20 -20 22 -22 -24 -4 -8 27 -11 -29 -1
right_child=1 6 3 8 10 -7 25 -9 -10 26 -12 18 -14 -15 15 -17 -18 -19 19 -21 21 -23 23 -25 -26 -27 -28 28 -30 -31
leaf_value=0.014980504547174162 0.036355203712979949 0.030843936319514698 -0.0084210072238165064 0.020028120492983418 -0.025046155499647751 0.135949027591518 0.13577355504745531 0.11471760297815006 0.0017171186144857829 0.0071623728078390875 -0.01369739972959089 -0.012213006829295089 0.049119827622623263 -0.010329674598243502 0.096376241210170771 0.028738945762853366 0.008433504279263624 0.057357146011458505 -0.0083150647251921551 0.0032977722273231144 0.02176663439720869 -0.0077260880460662228 0.12017313618035544 0.036930071480445942 0.0012189625000835142 0.066530093821612277 0.0061670149482476212 0.018875962039645838 0.064069897326517786 -0.0053521772617397927
leaf_weight=103 29 215 669 733 737 27 20 23 396 55 2191 67 73 26 43 36 352 53 33 202 69 30 20 58 1649 21 131 48 52 1977
leaf_count=103 29 215 669 733 737 27 20 23 396 55 2191 67 73 26 43 36 352 53 33 202 69 30 20 58 1649 21 131 48 52 1977
internal_value=-0.00013269 0.0109515 0.00788638 0.00693656 -0.0114868 0.0859163 0.0487154 0.0419782 0.0156042 0.00241501 -0.0165615 0.000683392 0.0201401 0.036409 0.0405633 0.0662987 0.0182396 0.0226149 0.0115477 0.015432 0.027033 0.033633 0.0420687 0.0595254 -0.00156567 0.102736 0.0192884 0.0302674 0.0427785 -0.0043386
internal_weight=10138 5130 4746 4690 5008 56 384 343 1607 3083 2928 2797 1211 320 294 79 1138 786 479 412 210 177 147 78 2318 41 286 155 100 2080
internal_count=10138 5130 4746 4690 5008 56 384 343 1607 3083 2928 2797 1211 320 294 79 1138 786 479 412 210 177 147 78 2318 41 286 155 100 2080
is_linear=0
shrinkage=0.05


Tree=17
num_leaves=31
num_cat=0
split_feature=2 9 3 7 9 8 3 2 12 13 12 2 8 9 5 4 6 12 9 1 6 9 6 9 6 6 12 9 6 9
split_gain=461.122 271.338 167.77 120.75 76.3148 59.5123 59.2014 55.4789 48.2982 33.1455 36.4594 27.085 25.8172 25.1611 35.6189 34.6925 24.9371 33.88 24.5572 22.4215 21.641 21.6185 38.6373 20.4059 19.6013 19.4746 18.9057 18.5635 18.1014 17.8491
threshold=7.5186539350182793 2.6125000000000003 252.18040315394288 1.0000000180025095e-35 3.9500000000000006 2.9500000000000006 115.49164882016693 -66.397040558276316 3.4166666666666674 1.0000000180025095e-35 1.7638888888888893 447.87650894483846 2.1055555555555561 3.8944444444444448 0.10555555555555557 0.58571428571428574 1.8819444444444446 2.6333333333333342 1.5857142857142861 1593.9268988197525 0.47222222222222227 1.788888888888889 2.183333333333334 2.9500000000000006 2.0500000000000003 1.1833333333333336 2.2916666666666674 1.9500000000000002 1.4722222222222225 1.267857142857143
decision_type=2 2 2 2 2 2 2 2 2 2 2 2 2 2 2 2 2 2 2 2 2 2 2 2 2 2 2 2 2 2
left_child=4 2 6 -3 7 -6 9 20 12 10 24 21 13 15 -15 25 18 19 -8 -18 -1 -4 -23 -17 -2 -5 -20 -26 -10 -9
right_child=1 3 11 8 5 -7 16 29 28 -11 -12 -13 -14 14 -16 23 17 -19 26 -21 -22 22 -24 -25 27 -27 -28 -29 -30 -31
leaf_value=-0.030402315808141414 -0.00026061564530471094 0.13616397701469915 0.025025916784263309 0.037252690804840921 0.11552476230121794 -0.00085781097489719604 0.00094925326260997191 -0.0098805480737112102 0.042387999464636263 -0.0072622610465361837 0.027002815634330525 0.088238956445250025 0.0074292878458480831 0.041695186975770272 0.12065063047976721 0.034372054235566232 0.024899352205577888 0.064183814225146893 0.021989894034036339 -0.0013221867854684077 -0.015187665050437794 0.035897350179091576 0.10050072125159204 0.10751273280807905 0.0098655448967982021 0.0048167780307786807 -0.014587675447110088 0.054915749803185469 0.1024754513042832 -0.0013402264180196923
leaf_weight=262 1571 34 168 95 20 23 513 1436 22 978 157 28 81 51 20 20 305 43 320 111 2201 92 31 20 280 90 39 24 37 1066
leaf_count=262 1571 34 168 95 20 23 513 1436 22 978 157 28 81 51 20 20 305 43 320 111 2201 92 31 20 280 90 39 24 37 1066
internal_value=-0.000121196 0.0104138 0.00675676 0.0465816 -0.0109128 0.0546689 0.00418021 -0.0114916 0.0393002 0.000296285 0.00393599 0.0416962 0.0325534 0.0393804 0.065303 0.0309476 0.0129567 0.0223809 0.00797613 0.0179163 -0.0168178 0.036931 0.0528587 0.0726727 0.00199116 0.0215838 0.0179868 0.0135905 0.0811499 -0.00624386
internal_weight=10138 5130 4660 470 5008 43 4341 4965 436 3010 2032 319 377 296 71 225 1331 459 872 416 2463 291 123 40 1875 185 359 304 59 2502
internal_count=10138 5130 4660 470 5008 43 4341 4965 436 3010 2032 319 377 296 71 225 1331 459 872 416 2463 291 123 40 1875 185 359 304 59 2502
is_linear=0
shrinkage=0.05


Tree=18
num_leaves=31
num_cat=0
split_feature=2 3 7 2 3 6 2 12 11 13 12 6 2 11 6 0 12 6 8 0 12 1 1 7 12 4 12 2 7 1
split_gain=416.566 195.02 116.938 60.5056 59.9556 49.1652 45.2818 47.5662 35.6262 32.5903 33.2357 25.8741 24.7412 22.3013 24.3992 30.5151 22.0839 17.065 17.5145 16.9805 23.8224 20.3391 16.6796 16.3432 16.3034 15.9551 15.4198 15.3706 15.2035 21.1125
threshold=7.5186539350182793 252.18040315394288 1.0000000180025095e-35 107.21791034623233 49.317470363122659 1.5857142857142861 447.87650894483846 4.5833333333333348 0.31666666666666671 1.0000000180025095e-35 1.7638888888888893 2.0500000000000003 -169.27972311575454 0.38750000000000007 2.183333333333334 1767.0551605569399 3.4166666666666674 3.5500000000000003 3.3666666666666671 1631.0906388642459 -1.0000000180025095e-35 1700.7452928077141 1493.5609716511415 1.6833333333333336 -1.0000000180025095e-35 0.58571428571428574 2.4500000000000006 111.24336560885162 0.81666666666666676 1479.6698481119981
decision_type=2 2 2 2 2 2 2 2 2 2 2 2 2 2 2 2 2 2 2 2 2 2 2 2 2 2 2 2 2 2
left_child=4 2 5 9 -1 -2 7 13 16 10 11 25 -6 14 -3 -16 22 18 24 20 -13 -21 23 27 -11 -4 -8 -5 -12 -30
right_child=1 6 3 8 12 -7 26 -9 -10 17 28 19 -14 -15 15 -17 -18 -19 -20 21 -22 -23 -24 -25 -26 -27 -28 -29 29 -31
leaf_value=-0.0038729651132934175 0.03141364607339104 0.027725047081993484 0.0035908534948709339 0.058606735865275067 -0.022904217163817631 0.1257695142911481 0.12513948146786011 0.10617811825747292 0.0010988884123604656 -0.024166641899943355 0.0061424230630960199 -0.020244202421357237 -0.012300656841945475 -0.011248204429392462 0.088456422479992566 0.025409407161075523 0.044909778372007048 0.034011969080677738 0.03685032306239009 -0.011151041058687175 0.033448973757985195 0.036393679317928133 0.0085091443884562235 0.049487978297596179 -0.0047936329250469027 -0.0095254839977972038 0.058944542570547626 0.017679558013896594 0.061248204314752544 0.017865526791887753
leaf_weight=2080 29 215 1325 23 737 27 20 23 396 124 61 23 2191 26 43 36 73 26 22 81 161 30 408 47 835 280 21 660 50 65
leaf_count=2080 29 215 1325 23 737 27 20 23 396 124 61 23 2191 26 43 36 73 26 22 81 161 30 408 47 835 280 21 660 50 65
internal_value=-0.0001096 0.00990348 0.00712548 0.00625894 -0.0103665 0.078315 0.0441302 0.0379809 0.0141219 0.00215716 0.0057367 0.00380405 -0.0149766 0.0327637 0.0366808 0.0604029 0.018376 -0.00522066 -0.00629404 0.0173875 0.0266642 0.0019091 0.016636 0.0211603 -0.00732115 0.00129814 0.0934455 0.0191414 0.0264611 0.037093
internal_weight=10138 5130 4746 4690 5008 56 384 343 1607 3083 2076 1900 2928 320 294 79 1211 1007 981 295 184 111 1138 730 959 1605 41 683 176 115
internal_count=10138 5130 4746 4690 5008 56 384 343 1607 3083 2076 1900 2928 320 294 79 1211 1007 981 295 184 111 1138 730 959 1605 41 683 176 115
is_linear=0
shrinkage=0.05


Tree=19
num_leaves=31
num_cat=0
split_feature=9 2 9 10 8 9 2 3 0 5 8 0 1 5 8 3 8 8 4 0 0 12 12 12 7 3 0 8 1 8
split_gain=383.889 214.898 202.202 101.713 88.6315 84.6197 70.1035 59.9264 55.0061 48.5835 62.3547 46.6132 49.3133 44.9135 26.6433 25.8389 25.1606 55.9184 23.3154 22.2475 22.4661 22 20.0756 19.9308 23.346 18.6868 22.1406 20.9246 17.7787 16.3408
threshold=1.9500000000000002 77.198408603777139 5.6833333333333345 0.38750000000000007 2.1055555555555561 3.0500000000000003 -44.884728713377505 247.92501789822987 1577.8632689863236 0.35416666666666669 1.1339285714285716 1528.6808205131017 1409.4481612685142 1.0000000180025095e-35 1.5857142857142861 256.24546457489606 1.0500000000000003 1.3166666666666669 0.35416666666666669 1451.8812004985959 1401.8818959920866 -3.1249999999999996 -0.16666666666666655 2.3541666666666674 1.0500000000000003 341.89787083419202 1757.5317611826767 0.78888888888888908 1516.9165893073841 2.4365079365079372
decision_type=2 2 2 2 2 2 2 2 2 2 2 2 2 2 2 2 2 2 2 2 2 2 2 2 2 2 2 2 2 2
left_child=1 6 3 -2 5 9 21 23 11 10 15 12 19 -14 -12 28 -11 -18 -6 20 -7 -1 -8 -3 -25 27 -27 -9 -5 -23
right_child=2 7 -4 4 18 8 22 25 -10 16 14 -13 13 -15 -16 -17 17 -19 -20 -21 -22 29 -24 24 -26 26 -28 -29 -30 -31
leaf_value=-0.031306183516197114 -0.0062071755418435541 0.0053319571882982208 0.14944376020181566 0.032694801986343926 -0.0077299219279592562 0.027316800830885769 -0.011577655351654418 0.0043593300078567619 0.12414792840679488 0.021977076441980898 -0.00493265115041089 -0.015793710636595886 0.047117686432761118 0.12618582380004226 0.022749494096948483 0.060859798594007655 0.14299067946320229 0.039549245612902774 0.042647606936784897 0.0053257948532700536 0.095635770757993066 -0.012035449214065796 -0.0021593506081946114 0.0035544151059603173 0.046189766986219127 0.019118826240301132 0.081789907380133073 0.039211955220869059 -0.012186993336537853 -0.025377048677893168
leaf_weight=180 290 1701 30 220 196 31 701 73 29 29 212 23 36 39 146 82 21 35 25 39 20 2490 2920 62 66 24 36 105 24 253
leaf_count=180 290 1701 30 220 196 31 701 73 29 29 212 23 36 39 146 82 21 35 25 39 20 2490 2920 62 66 24 36 105 24 253
internal_value=-9.97863e-05 -0.0041977 0.0229966 0.0203645 0.0267487 0.0331574 -0.00863674 0.00985343 0.0606959 0.0253177 0.0208259 0.050303 0.0595561 0.0893525 0.00638864 0.0366124 0.0608009 0.0801679 -0.00186467 0.0340167 0.0554325 -0.0143955 -0.00398536 0.00677248 0.0257259 0.0334027 0.0574459 0.0250227 0.0282485 -0.0132748
internal_weight=10138 8611 1527 1497 1207 986 6544 2067 217 769 684 188 165 75 358 326 85 56 221 90 51 2923 3621 1829 128 238 60 178 244 2743
internal_count=10138 8611 1527 1497 1207 986 6544 2067 217 769 684 188 165 75 358 326 85 56 221 90 51 2923 3621 1829 128 238 60 178 244 2743
is_linear=0
shrinkage=0.05


Tree=20
num_leaves=31
num_cat=0
split_feature=2 9 2 2 9 7 8 9 5 13 6 6 1 8 9 0 4 1 0 0 0 10 0 7 8 5 9 5 2 13
split_gain=334.593 129.365 99.3534 84.0691 63.8509 49.3742 41.6727 39.2691 64.2756 39.8329 38.2488 35.0529 35.8854 22.8271 24.5127 22.3577 22.2187 23.3083 20.5709 20.1961 20.1817 20.5083 20.2784 19.7219 26.8322 19.6603 21.9401 33.6027 25.9088 21.3183
threshold=117.58801254027868 3.183333333333334 -84.813068753659522 323.36524959857735 3.0500000000000003 0.68333333333333346 2.0500000000000003 1.9500000000000002 0.35416666666666669 1.0000000180025095e-35 2.2111111111111117 1.7638888888888891 1503.4290376951919 1.1547619047619049 2.2928571428571431 1361.6692402498768 0.47222222222222227 1413.4847344283701 1446.1424108810884 1590.6486236138956 1577.8632689863236 0.76388888888888895 1555.3892024368683 0.89444444444444449 1.1833333333333336 1.0000000180025095e-35 1.1833333333333336 0.31666666666666671 22.876022696787121 1.0000000180025095e-35
decision_type=2 2 2 2 2 2 2 2 2 2 2 2 2 2 2 2 2 2 2 2 2 2 2 2 2 2 2 2 2 2
left_child=1 2 15 4 11 18 -3 25 10 -10 -9 19 13 14 -13 -1 -5 -18 -6 20 21 22 23 -2 -25 -4 28 29 -27 -28
right_child=3 6 7 16 5 -7 -8 8 9 -11 -12 12 -14 -15 -16 -17 17 -19 -20 -21 -22 -23 -24 24 -26 26 27 -29 -30 -31
leaf_value=-0.025104933789492967 -0.00073609836480239101 0.049668950225779974 0.015628355252378771 0.02214579618512056 -0.010818023660353253 0.10906583383198708 0.0086278365950484097 -0.000224336739180823 0.071452444163532788 0.0049830348054702225 0.050943109959375878 0.035871136284536788 0.0099819193931599322 0.012868211286210378 0.084664201810956005 -0.01214564373493713 0.081803861474971984 0.029310919099953026 0.051961385862280933 0.0019526332528355243 0.04808346187371923 0.028992222659602884 -0.024160112941171975 0.077406191026144058 0.0037670091725885871 -0.010828910195312211 -0.001848777895745362 0.0056600719779810833 -0.00051095998490588966 -0.015403903669853142
leaf_weight=424 100 137 130 38 20 30 113 575 60 36 38 224 285 95 29 1562 78 31 35 561 45 118 51 22 27 1711 970 1149 944 413
leaf_count=424 100 137 130 38 20 30 113 575 60 36 38 224 285 95 29 1562 78 31 35 561 45 118 51 22 27 1711 970 1149 944 413
internal_value=0.000124494 -0.00412111 -0.00522783 0.019723 0.0164577 0.0584241 0.0312266 -0.00203043 0.00901484 0.0468348 0.00302535 0.0141306 0.0231879 0.0339435 0.0417753 -0.0149236 0.0558388 0.0672769 0.029347 0.0079075 0.0170798 0.0125556 0.00276192 0.0120765 0.0377164 -0.00350469 -0.00398713 -0.000656651 -0.00716188 -0.0059049
internal_weight=10051 8262 8012 1789 1642 85 250 6026 709 96 613 1557 633 348 253 1986 147 109 55 924 363 318 200 149 49 5317 5187 2532 2655 1383
internal_count=10051 8262 8012 1789 1642 85 250 6026 709 96 613 1557 633 348 253 1986 147 109 55 924 363 318 200 149 49 5317 5187 2532 2655 1383
is_linear=0
shrinkage=0.05


Tree=21
num_leaves=31
num_cat=0
split_feature=2 9 12 2 2 12 9 8 7 9 6 1 8 9 5 9 13 5 3 5 3 9 8 1 7 7 13 2 9 6
split_gain=302.367 116.827 115.078 89.6948 56.7821 48.8262 40.3401 37.637 35.1066 31.0525 29.4614 29.5191 27.3479 27.1728 43.9896 49.4514 47.257 27.8028 25.2346 20.9923 20.2393 20.1865 19.0798 31.3205 27.9089 18.3102 18.1587 18.1188 16.0726 16.0368
threshold=117.58801254027868 3.183333333333334 4.1250000000000009 -84.813068753659522 447.87650894483846 1.6904761904761909 3.0500000000000003 2.0500000000000003 0.58571428571428574 2.0500000000000003 1.7638888888888891 1503.4290376951919 1.1547619047619049 1.1833333333333336 0.31666666666666671 1.9500000000000002 1.0000000180025095e-35 1.0000000180025095e-35 48.760809725740053 0.10555555555555557 265.31013606696723 1.5857142857142861 1.0500000000000003 1393.1781414952625 1.267857142857143 1.2928571428571431 1.0000000180025095e-35 147.24944902180599 2.2928571428571431 2.0500000000000003
decision_type=2 2 2 2 2 2 2 2 2 2 2 2 2 2 2 2 2 2 2 2 2 2 2 2 2 2 2 2 2 2
left_child=1 3 4 20 6 13 10 22 -8 -7 21 12 28 17 26 -16 18 -5 -17 -11 -1 -2 -3 -24 -25 -9 -15 -14 -12 -19
right_child=2 7 -4 5 -6 9 8 25 -10 19 11 -13 27 14 15 16 -18 29 -20 -21 -22 -23 23 24 -26 -27 -28 -29 -30 -31
leaf_value=-0.012214779305598226 0.00077949045485709294 0.018550290687139644 0.088689230121018592 0.031703322935525489 0.080473358851090526 0.00989078492674305 0.023925063145700202 -0.002393898529569722 0.090002161757729487 0.013957981030335246 0.033883830978964066 0.0094192187402975455 0.047595335451081737 -0.001430045420998137 0.004492660282858621 0.040837484252888988 -0.0016904399996357307 -0.0093005352407553293 0.10675630468130111 0.079019924057647586 -0.027231988727684137 0.015354470343370737 0.015531641487032176 0.099533450012986968 0.027257090523129419 0.046011077284812935 -0.012136172898379821 -0.0039642957713160861 0.070362404878768658 0.0013907375420563171
leaf_weight=1728 501 42 56 45 33 304 57 89 31 22 240 289 21 1354 1069 40 41 2119 24 29 258 451 29 46 20 24 559 75 35 420
leaf_count=1728 501 42 56 45 33 304 57 89 31 22 240 289 21 1354 1069 40 41 2119 24 29 258 451 29 46 20 24 559 75 35 420
internal_value=0.000121766 -0.0039142 0.0187525 -0.00496593 0.0164428 -0.00192791 0.0151533 0.0296769 0.0479519 0.0160346 0.0133341 0.021447 0.0307658 -0.00305498 0.00011186 0.00772714 0.0403042 -0.00683686 0.0668191 0.0517621 -0.0141784 0.0076931 0.0472035 0.059546 0.0783652 0.00820023 -0.0045632 0.00768877 0.0387647 -0.00753214
internal_weight=10051 8262 1789 8012 1733 6026 1700 250 88 355 1612 660 371 5671 3087 1174 105 2584 64 51 1986 952 137 95 66 113 1913 96 275 2539
internal_count=10051 8262 1789 8012 1733 6026 1700 250 88 355 1612 660 371 5671 3087 1174 105 2584 64 51 1986 952 137 95 66 113 1913 96 275 2539
is_linear=0
shrinkage=0.05


Tree=22
num_leaves=31
num_cat=0
split_feature=2 9 12 2 2 9 5 9 8 0 12 8 8 6 3 8 6 4 6 5 9 0 0 8 7 8 4 7 8 6
split_gain=273.143 105.994 104.061 63.3469 51.4277 42.4 50.8458 36.537 33.2053 32.867 30.5548 28.5596 27.1818 26.6339 23.8606 23.6144 27.246 26.2904 18.9754 22.15 18.2226 17.4082 16.6657 21.9222 15.621 16.4882 29.0306 20.6456 24.2985 23.6385
threshold=117.58801254027868 1.9500000000000002 4.1250000000000009 -44.884728713377505 447.87650894483846 3.6125000000000003 0.29285714285714287 3.0500000000000003 2.1339285714285716 1535.1303975678195 1.8730158730158732 2.8819444444444451 1.1833333333333336 1.7638888888888891 265.31013606696723 1.1833333333333336 1.4365079365079367 0.2678571428571429 2.683333333333334 0.35416666666666669 1.5857142857142861 1415.9743064911647 1777.3375952684044 0.35416666666666669 1.8944444444444446 1.1547619047619049 0.78888888888888908 0.89444444444444449 0.95000000000000007 2.2928571428571431
decision_type=2 2 2 2 2 2 2 2 2 2 2 2 2 2 2 2 2 2 2 2 2 2 2 2 2 2 2 2 2 2
left_child=1 3 4 14 7 6 10 13 18 -9 -3 15 -12 20 -1 -7 17 -17 19 -8 -2 -5 23 -15 25 26 27 28 29 -25
right_child=2 5 -4 21 -6 11 8 9 -10 -11 12 -13 -14 22 -16 16 -18 -19 -20 -21 -22 -23 -24 24 -26 -27 -28 -29 -30 -31
leaf_value=-0.010147065052279957 0.00074059352430837807 -0.0059216623400251663 0.084332566995892616 -0.018306094396246388 0.076568033392815038 0.0093577687939008069 0.013554100506007673 0.024018679900556714 -0.0051055629052118301 0.089479090273380288 0.070004812183861551 0.00088600710175038933 0.0045308767075073865 0.066535651246085764 -0.026206850603692173 0.061840413389979192 0.093833311647823492 -0.0089116205062185015 0.078744383723559713 0.048495396115340116 0.014588445288657657 -0.0013981758769912008 0.0064061331180598523 0.00046303731203079228 0.056676022456057608 0.0032275336467775338 -0.0036107375003073526 0.024448100730008568 0.10051113746382974 0.071417264964269561
leaf_weight=2651 501 506 56 157 33 32 104 60 71 28 25 47 41 29 253 36 35 20 21 81 451 4182 162 24 30 113 68 191 21 22
leaf_count=2651 501 506 56 157 33 32 104 60 71 28 25 47 41 29 253 36 35 20 21 81 451 4182 162 24 30 113 68 191 21 22
internal_value=0.00012008 -0.0037159 0.0178277 -0.00584035 0.0156312 0.0113755 0.00679143 0.014404 0.024333 0.0456183 -0.001731 0.0340952 0.0300063 0.0126728 -0.0115548 0.0466755 0.0595538 0.0368588 0.034455 0.0290312 0.00730929 -0.00201404 0.0203865 0.0249124 0.0222026 0.0197233 0.0254138 0.0330481 0.0568444 0.0351952
internal_weight=10051 8262 1789 7243 1733 1019 849 1700 277 88 572 170 66 1612 2904 123 91 56 206 185 952 4339 660 498 469 439 326 258 67 46
internal_count=10051 8262 1789 7243 1733 1019 849 1700 277 88 572 170 66 1612 2904 123 91 56 206 185 952 4339 660 498 469 439 326 258 67 46
is_linear=0
shrinkage=0.05


Tree=23
num_leaves=31
num_cat=0
split_feature=2 9 12 2 2 12 9 8 9 0 9 12 6 1 8 9 6 0 6 8 0 8 4 7 7 7 2 11 1 8
split_gain=246.882 96.7462 94.084 74.5254 46.5698 42.4599 34.0562 32.6771 25.5762 38.8 23.9915 22.8239 21.822 26.4641 24.971 23.2098 21.2632 18.7933 17.3618 23.372 22.8381 17.3381 17.5148 16.9682 16.8397 16.7131 15.7332 14.8716 17.3035 14.505
threshold=117.58801254027868 3.183333333333334 4.1250000000000009 -84.813068753659522 447.87650894483846 1.6904761904761909 4.2750000000000012 2.0500000000000003 2.0500000000000003 1480.9950633188653 1.1833333333333336 -0.099999999999999908 1.7638888888888891 1503.4290376951919 1.1547619047619049 2.183333333333334 2.5634920634920637 1361.6692402498768 2.0500000000000003 1.3166666666666669 1442.5826272685078 3.6333333333333337 0.61250000000000016 1.2928571428571431 1.2928571428571431 0.21111111111111114 147.24944902180599 0.23611111111111113 1559.1989185323839 0.78888888888888908
decision_type=2 2 2 2 2 2 2 2 2 2 2 2 2 2 2 2 2 2 2 2 2 2 2 2 2 2 2 2 2 2
left_child=1 3 4 17 6 10 12 18 27 -10 25 -12 15 14 29 -2 21 -1 19 -3 -21 22 24 -9 -13 -5 -16 28 -7 -14
right_child=2 7 -4 5 -6 8 -8 23 9 -11 11 16 13 -15 26 -17 -18 -19 -20 20 -22 -23 -24 -25 -26 -27 -28 -29 -30 -31
leaf_value=-0.022215525281889473 0.0040060909355815969 0.0110445748183078 0.080189913949978209 0.035232157601664468 0.072852232526330385 -0.0010410846272810093 0.071680402308702471 -0.0031547222933214578 0.094124717377902331 0.0072063919028331497 -0.0082489771692064659 -0.00078553932609570017 0.023633163240703973 0.0082422894956383479 0.043549793108325935 0.022286941132421949 0.022071638028674689 -0.010336761388671704 0.082562755451848116 0.022485935480879814 0.085405068099498757 -0.029101277774442796 -0.0170260829722573 0.043435736775398255 0.0081657188371796769 -0.0067075486111873254 -0.0032747691076975768 0.047254948411136866 0.02735875433103906 0.046502943558765476
leaf_weight=424 775 55 56 23 33 210 24 89 23 28 633 1270 135 289 22 223 129 1562 23 28 31 45 115 24 895 2561 81 23 71 151
leaf_count=424 775 55 56 23 33 210 24 89 23 28 633 1270 135 289 22 223 129 1562 23 28 31 45 115 24 895 2561 81 23 71 151
internal_value=0.000118658 -0.00352826 0.0169535 -0.00448534 0.014865 -0.00171612 0.0136972 0.0270399 0.0150344 0.0474611 -0.00276716 0.000208498 0.0128246 0.0197436 0.0282453 0.00810911 0.00239254 -0.0128827 0.04337 0.0348135 0.0564176 0.00129165 0.00190401 0.00703481 0.00291693 -0.00632076 0.00704917 0.00945666 0.00620625 0.0358277
internal_weight=10051 8262 1789 8012 1733 6026 1700 250 355 51 5671 3087 1676 678 389 998 2454 1986 137 114 59 2325 2280 113 2165 2584 103 304 281 286
internal_count=10051 8262 1789 8012 1733 6026 1700 250 355 51 5671 3087 1676 678 389 998 2454 1986 137 114 59 2325 2280 113 2165 2584 103 304 281 286
is_linear=0
shrinkage=0.05


Tree=24
num_leaves=31
num_cat=0
split_feature=2 9 12 2 2 5 9 1 9 2 6 1 9 2 9 6 5 0 4 6 12 1 0 5 2 4 9 3 5 13
split_gain=222.994 88.7602 85.0806 52.2334 42.1803 38.5484 43.271 34.4914 30.889 29.8459 29.1263 25.0496 20.5542 20.4991 19.7886 19.5661 17.0516 25.7478 20.3324 20.6626 16.9918 36.0625 15.715 14.4835 17.6163 20.8478 15.425 26.0769 22.2194 16.923
threshold=117.58801254027868 1.9500000000000002 4.1250000000000009 -44.884728713377505 447.87650894483846 0.29285714285714287 3.8444444444444446 1472.3214691149929 4.2750000000000012 -84.813068753659522 2.2111111111111117 1413.4847344283701 1.5857142857142861 -249.7903587683962 3.3166666666666669 1.7638888888888891 0.35416666666666669 1439.2990774822345 0.38750000000000007 1.6833333333333336 1.8730158730158732 1430.3868982131942 1415.9743064911647 1.0000000180025095e-35 22.876022696787121 0.10555555555555557 1.1833333333333336 22.714947821152695 0.31666666666666671 1.0000000180025095e-35
decision_type=2 2 2 2 2 2 2 2 2 2 2 2 2 2 2 2 2 2 2 2 2 2 2 2 2 2 2 2 2 2
left_child=1 3 4 13 8 6 10 11 12 -7 20 -8 15 -1 16 -2 -11 -18 -19 -20 -3 -22 -5 24 25 -24 27 -25 29 -28
right_child=2 5 -4 22 -6 9 7 -9 -10 14 -12 -13 -14 -15 -16 -17 17 18 19 -21 21 -23 23 26 -26 -27 28 -29 -30 -31
leaf_value=-0.022557302086264087 0.00050373212007649867 -0.007581506356954492 0.076250761083997143 -0.017298508829236788 0.069316755207803324 -0.018699142812436228 0.019135071201919943 -0.0094779221954323905 0.068239744484424589 0.014820503432602779 0.043961814858696685 0.070252682165242733 0.01838220952136517 -0.0090157662221984399 0.072138192918565533 0.015025967834932359 0.08760886459300915 -0.0063178420452208355 0.077626039925962689 0.012658616468310359 -0.0074206270827827138 0.069997087250585149 -0.0017969306219707837 -0.012245230443725649 -0.0022656222835915987 0.061847586433092752 0.00061653264910271845 -0.00052038303531483842 0.0070986883134991257 -0.012939599095048701
leaf_weight=313 501 490 56 157 33 33 48 40 24 136 32 49 744 2591 26 431 23 28 25 24 43 22 21 744 60 32 772 1305 921 327
leaf_count=313 501 490 56 157 33 33 48 40 24 136 32 49 744 2591 26 431 23 28 25 24 43 22 21 744 60 32 772 1305 921 327
internal_value=0.000116492 -0.0033495 0.0161161 -0.00529358 0.0141301 0.0104606 0.00423904 0.0294323 0.0130187 0.0256639 -0.00168087 0.0454107 0.0121877 -0.0104826 0.0313014 0.00722839 0.0265171 0.0421202 0.0275837 0.0466948 -0.00438686 0.0194458 -0.00181909 -0.00123397 0.0163442 0.0370637 -0.00172603 -0.00478162 0.00137426 -0.0034251
internal_weight=10051 8262 1789 7243 1733 1019 724 137 1700 295 587 97 1676 2904 262 932 236 100 77 49 555 65 4339 4182 113 53 4069 2049 2020 1099
internal_count=10051 8262 1789 7243 1733 1019 724 137 1700 295 587 97 1676 2904 262 932 236 100 77 49 555 65 4339 4182 113 53 4069 2049 2020 1099
is_linear=0
shrinkage=0.05


Tree=25
num_leaves=31
num_cat=0
split_feature=2 9 9 0 2 2 11 0 9 6 12 8 8 6 6 8 0 8 12 0 0 12 7 7 7 3 6 9 2 1
split_gain=266.603 156.975 105.564 78.1385 51.7832 47.2132 35.8809 33.1674 31.4356 27.0701 48.5085 25.639 24.8988 25.5769 22.5521 21.9301 40.0444 21.1815 26.4544 20.9687 41.6514 20.7861 20.5584 20.3873 19.8157 19.7047 35.5068 16.7806 15.9261 23.9567
threshold=43.970674573193499 5.1214285714285728 3.0500000000000003 1573.478438106554 -113.99082818637361 323.36524959857735 0.31666666666666671 1331.700548447943 2.8166666666666669 2.0500000000000003 3.1250000000000004 0.70714285714285718 2.1339285714285716 1.2361111111111114 2.183333333333334 0.95000000000000007 1510.0316436198586 1.1833333333333336 0.44444444444444453 1642.911493977869 1631.0906388642459 1.6458333333333337 1.0500000000000003 0.70714285714285718 0.95000000000000007 140.96193945456619 1.2928571428571431 1.4142857142857144 123.8901126116432 1409.4481612685142
decision_type=2 2 2 2 2 2 2 2 2 2 2 2 2 2 2 2 2 2 2 2 2 2 2 2 2 2 2 2 2 2
left_child=1 4 5 7 -1 6 9 -4 14 11 -11 -2 13 23 21 -9 28 18 -7 20 22 -6 27 -10 -20 -24 -27 -13 29 -17
right_child=2 -3 3 -5 8 17 -8 15 12 10 -12 19 -14 -15 -16 16 -18 -19 24 -21 -22 -23 25 -25 -26 26 -28 -29 -30 -31
leaf_value=-0.014584470672932327 -0.0017142528012825424 0.10643405755080525 -0.027637014821679757 0.11028385120569856 -0.0064719603000968906 0.085805874413838898 -0.0014835361448028335 0.00035215164746411827 0.016210520964115859 0.01585864476804531 0.071087784818265332 -0.003417565101765311 -0.0028221742974387275 -0.00039095234953694878 0.0059061472053898063 -0.00082135875445773013 0.096743150457980182 0.00083110386565808333 0.048210566863417625 -0.00015271332963051563 0.064540698447090109 0.011949974973246737 0.01637784585074329 0.075907617179970993 -0.0083937480073908097 0.098346410827203246 0.020484079531532653 0.013093370014432192 0.056210804379783402 0.062438397996482403
leaf_weight=1475 529 30 21 36 4216 32 822 32 24 550 42 242 89 35 453 52 30 30 49 318 39 158 342 37 22 21 46 420 42 20
leaf_count=1475 529 30 21 36 4216 32 822 32 24 550 42 242 89 35 453 52 30 30 49 318 39 158 342 37 22 21 46 420 42 20
internal_value=0.00028771 -0.00581718 0.0109328 0.0434525 -0.00635262 0.00875861 0.00759908 0.0307444 -0.00392762 0.0105275 0.0198902 0.0076865 0.0162456 0.0337699 -0.00470398 0.0378271 0.046095 0.0378719 0.0485487 0.0111678 0.0144081 -0.00580393 0.0125241 0.0530605 0.0307982 0.0213268 0.0459761 0.0070616 0.0320412 0.0173654
internal_weight=10254 6517 3737 233 6487 3504 3371 197 5012 2549 592 1957 185 96 4827 176 144 133 103 1428 1110 4374 1071 61 71 409 67 662 114 72
internal_count=10254 6517 3737 233 6487 3504 3371 197 5012 2549 592 1957 185 96 4827 176 144 133 103 1428 1110 4374 1071 61 71 409 67 662 114 72
is_linear=0
shrinkage=0.05


Tree=26
num_leaves=31
num_cat=0
split_feature=2 9 9 0 2 2 11 0 9 9 7 8 2 6 13 8 2 6 8 0 6 5 7 7 8 12 12 2 8 7
split_gain=240.854 142.122 95.6053 70.7097 46.7482 42.737 32.4158 30.0529 28.4385 25.0535 32.835 22.8266 31.114 20.3554 19.9236 34.2152 23.437 30.7677 19.8589 36.2635 19.4055 19.2602 20.9425 24.8429 19.1661 23.9698 18.7677 17.9453 27.8951 17.9281
threshold=43.970674573193499 5.1214285714285728 3.0500000000000003 1573.478438106554 -113.99082818637361 323.36524959857735 0.31666666666666671 1331.700548447943 2.8166666666666669 1.9500000000000002 0.89444444444444449 1.2928571428571431 12.38504205256095 2.183333333333334 1.0000000180025095e-35 1.788888888888889 163.51906521811273 2.8166666666666669 0.95000000000000007 1510.0316436198586 2.2928571428571431 0.11805555555555557 1.0500000000000003 1.7321428571428574 1.1833333333333336 0.44444444444444453 1.6458333333333337 -24.448261436620438 2.7888888888888892 0.95000000000000007
decision_type=2 2 2 2 2 2 2 2 2 2 2 2 2 2 2 2 2 2 2 2 2 2 2 2 2 2 2 2 2 2
left_child=1 4 5 7 -1 6 9 -4 13 14 20 -10 27 26 16 -16 -2 -18 -9 -20 -11 -12 -23 -24 25 -7 -6 -13 -29 -27
right_child=2 -3 3 -5 8 24 -8 18 11 10 21 12 -14 -15 15 -17 17 -19 19 -21 -22 22 23 -25 -26 29 -28 28 -30 -31
leaf_value=-0.013855741300385811 0.006816488541465303 0.10128402461207682 -0.026317975378002637 0.10491869159143519 -0.0061484390061427308 0.081645589242830427 -0.0014094495928502855 0.00033507732124152511 0.060995075455866757 0.0051673479627874531 0.0078326692655682571 0.002063525002449751 -0.020851312022142368 0.0056114904038887066 -0.0021165352740790695 0.062812668085098264 0.017660604924657784 0.078638913753357798 0.030490376388897067 0.092062031099152175 0.052174223160060741 0.074954165954415383 0.015828597956360917 0.064705659409519292 0.00079088884015237129 0.045848248092457654 0.011356233906164859 0.070545438256683871 -0.00087872140271508183 -0.0079923081211745739
leaf_weight=1475 1037 30 21 36 4216 32 822 32 23 262 49 48 57 453 599 20 382 21 114 30 23 40 77 39 30 49 158 35 22 22
leaf_count=1475 1037 30 21 36 4216 32 822 32 23 262 49 48 57 453 599 20 382 21 114 30 23 40 77 39 30 49 158 35 22 22
internal_value=0.000277757 -0.00552484 0.0103958 0.0413435 -0.00603433 0.00832667 0.00722347 0.0292544 -0.00373023 0.0100069 0.0201605 0.0154572 0.00865743 -0.00446866 0.00758191 7.92659e-05 0.0108047 0.0210249 0.0359965 0.0438642 0.00913005 0.0353768 0.0439234 0.032674 0.0360255 0.0461817 -0.00551367 0.0247221 0.0434384 0.029286
internal_weight=10254 6517 3737 233 6487 3504 3371 197 5012 2549 490 185 162 4827 2059 619 1440 403 176 144 285 205 156 116 133 103 4374 105 57 71
internal_count=10254 6517 3737 233 6487 3504 3371 197 5012 2549 490 185 162 4827 2059 619 1440 403 176 144 285 205 156 116 133 103 4374 105 57 71
is_linear=0
shrinkage=0.05


Tree=27
num_leaves=31
num_cat=0
split_feature=2 9 9 0 2 2 11 0 0 9 6 12 8 8 6 0 0 7 6 7 8 3 6 8 12 12 7 4 0 0
split_gain=217.596 128.675 86.4813 64.3415 42.2051 38.6807 29.2964 28.3282 28.0446 25.7471 23.3111 43.3385 22.7763 21.0385 23.1183 18.9012 37.631 18.3989 18.3727 18.1658 18.0447 17.7169 31.8552 17.3425 21.7185 16.9452 16.2203 15.4846 18.5856 15.2368
threshold=43.970674573193499 5.1214285714285728 3.0500000000000003 1474.7977949865692 -113.99082818637361 323.36524959857735 0.31666666666666671 1579.2713466402151 1536.0816519318075 2.8166666666666669 2.0500000000000003 3.1250000000000004 0.70714285714285718 2.1339285714285716 1.2361111111111114 1642.911493977869 1631.0906388642459 1.0500000000000003 2.183333333333334 0.70714285714285718 1.1833333333333336 140.96193945456619 1.2928571428571431 1.1833333333333336 0.44444444444444453 1.6458333333333337 0.95000000000000007 0.31666666666666671 1356.5342243784373 1600.342036799969
decision_type=2 2 2 2 2 2 2 2 2 2 2 2 2 2 2 2 2 2 2 2 2 2 2 2 2 2 2 2 2 2
left_child=1 4 5 27 -1 6 10 8 20 18 12 -12 -2 14 19 16 17 -14 25 -11 -5 -19 -23 24 -7 -6 -26 28 -4 -13
right_child=2 -3 3 7 9 23 -8 -9 -10 13 11 29 15 -15 -16 -17 -18 21 -20 -21 -22 22 -24 -25 26 -27 -28 -29 -30 -31
leaf_value=-0.013163423161595335 -0.0019818987273215755 0.096383184507008529 -0.016566869143086176 0.034559149931662654 -0.0058410899198172586 0.077687014763553941 -0.0013390625717207604 0.10391619047855563 0.0073952148823688436 0.014425869837403297 0.014392923494799235 0.097574122462953841 0.0062786055289645766 -0.0028107502456340525 -0.0016193585961850152 -0.00058742734664893456 0.060884555908851327 0.015081751911804886 0.0053315338436083354 0.070723759255519034 0.089412508355943776 0.092741244688460789 0.019006991576641166 0.00075261983419618299 0.043601685139350595 0.010791993347353906 -0.0076100670084681202 -0.016326717706397178 0.039347368237158321 0.035406257625183339
leaf_weight=1475 529 30 20 28 4216 32 822 32 29 24 550 20 662 89 35 318 39 342 453 37 37 21 46 30 49 158 22 35 52 22
leaf_count=1475 529 30 20 28 4216 32 822 32 29 24 550 20 662 89 35 318 39 342 453 37 37 21 46 30 49 158 22 35 52 22
internal_value=0.000268331 -0.00524699 0.0098854 0.0393193 -0.00573178 0.00791751 0.00686798 0.0633936 0.04865 -0.0035425 0.00951407 0.0182022 0.00687793 0.0147144 0.0308232 0.0101591 0.0132356 0.0114453 -0.00424512 0.0491637 0.066665 0.0197724 0.0431417 0.0342691 0.04393 -0.00523793 0.027848 0.0106458 0.0238015 0.0665907
internal_weight=10254 6517 3737 233 6487 3504 3371 126 94 5012 2549 592 1957 185 96 1428 1110 1071 4827 61 65 409 67 133 103 4374 71 107 72 42
internal_count=10254 6517 3737 233 6487 3504 3371 126 94 5012 2549 592 1957 185 96 1428 1110 1071 4827 61 65 409 67 133 103 4374 71 107 72 42
is_linear=0
shrinkage=0.05


Tree=28
num_leaves=31
num_cat=0
split_feature=9 2 0 0 8 9 3 3 7 0 1 12 9 6 0 8 6 4 0 12 5 8 8 6 6 12 6 6 6 9
split_gain=197.685 167.547 82.2341 39.8316 40.9146 55.4108 33.7901 33.6491 26.1212 26.004 25.2884 33.5829 23.274 61.8803 31.6017 30.6171 22.6096 21.3639 21.5346 21.0233 19.0674 18.8401 18.4704 41.2243 20.9102 17.6426 17.3047 17.2508 17.9156 17.128
threshold=3.2250000000000005 42.638695536896883 1457.3555847819059 1573.478438106554 1.0500000000000003 4.9500000000000011 180.5599507237911 160.92704084027028 0.78888888888888908 1510.0316436198586 1535.2011178142427 0.20000000000000004 1.9500000000000002 2.683333333333334 1532.0829325834418 1.4722222222222225 2.0500000000000003 0.31666666666666671 1331.700548447943 1.6458333333333337 0.38750000000000007 4.5357142857142865 2.0500000000000003 0.95000000000000007 0.81666666666666676 2.0714285714285716 2.183333333333334 2.3541666666666674 2.183333333333334 2.0500000000000003
decision_type=2 2 2 2 2 2 2 2 2 2 2 2 2 2 2 2 2 2 2 2 2 2 2 2 2 2 2 2 2 2
left_child=1 6 17 4 8 9 19 12 -4 -6 16 -12 20 14 -14 -16 -9 18 -2 21 27 26 24 -24 -20 -22 -1 28 -3 -21
right_child=2 7 3 -5 5 -7 -8 10 -10 -11 11 -13 13 -15 15 -17 -18 -19 22 29 25 -23 23 -25 -26 -27 -28 -29 -30 -31
leaf_value=-0.0058307658656646996 -0.026586192753165962 -0.001607159410350808 -0.019048792102764694 0.11209578881661098 0.028695601693221502 0.12365747325277576 -0.016461185185129151 0.014426743402773713 0.053232526388906298 0.093062886276415416 0.029287254201218246 -0.015324606582219008 0.0004889332141561159 0.099021330759638843 0.018373190142642871 0.077984629985358989 0.033877946938704794 -0.032844618678092956 0.086412464848465542 0.0052705622047985188 0.0055639706971512678 -0.039007945576818977 -0.029094876118880866 0.049389444697986951 0.016535599967059885 0.031757426074793753 0.0043492524157236886 -0.024200151533331361 0.034791801220604351 0.04702079088973074
leaf_weight=4971 22 990 30 29 69 29 679 634 20 20 61 131 257 20 112 26 196 24 21 163 957 40 33 32 22 68 455 81 34 28
leaf_count=4971 22 990 30 29 69 29 679 634 20 20 61 131 257 20 112 26 196 24 21 163 957 40 33 32 22 68 455 81 34 28
internal_value=0.000259145 -0.00104956 0.0370807 0.0583989 0.0485213 0.0644768 -0.00592903 0.00761698 0.0103406 0.0440335 0.0152765 -0.00107274 0.00453633 0.0153542 0.0108785 0.0300846 0.0190553 0.00960917 0.0176377 -0.00466219 0.00242241 -0.0052326 0.0268075 0.00970645 0.0518498 0.00733094 -0.00497647 -0.00213327 -0.000365836 0.011604
internal_weight=10254 9903 351 197 168 118 6336 3567 50 89 1022 192 2545 415 395 138 830 154 130 5657 2130 5466 108 65 43 1025 5426 1105 1024 191
internal_count=10254 9903 351 197 168 118 6336 3567 50 89 1022 192 2545 415 395 138 830 154 130 5657 2130 5466 108 65 43 1025 5426 1105 1024 191
is_linear=0
shrinkage=0.05


Tree=29
num_leaves=31
num_cat=0
split_feature=2 12 7 2 11 3 11 11 1 6 3 6 8 7 8 1 6 3 0 0 5 8 12 4 0 8 0 0 1 11
split_gain=177.501 61.6401 43.1497 40.0171 37.3037 30.7374 34.2003 29.4765 29.2576 46.3206 40.4929 33.204 25.9887 23.2334 38.6445 23.4647 27.4497 23.0198 23.7629 29.9908 18.8041 18.2384 17.7838 22.238 19.655 29.6488 22.7873 17.6747 17.2112 15.8052
threshold=43.970674573193499 5.2500000000000009 1.0000000180025095e-35 -113.99082818637361 0.31666666666666671 157.41573132811962 0.29285714285714287 0.11805555555555557 1502.7758342576014 2.5277777777777781 16.801724604215909 0.47222222222222227 0.78888888888888908 0.68333333333333346 1.6833333333333336 1465.6864949279311 2.5634920634920637 396.34811285793597 1605.012838933339 1625.8418295945337 0.31666666666666671 1.3875000000000002 1.6458333333333337 0.29285714285714287 1451.8812004985959 1.1547619047619049 1478.9155808466855 1592.2739303590363 1502.0229440339592 0.29285714285714287
decision_type=2 2 2 2 2 2 2 2 2 2 2 2 2 2 2 2 2 2 2 2 2 2 2 2 2 2 2 2 2 2
left_child=3 2 -2 -1 5 13 7 12 9 11 -11 -5 -7 -4 15 16 27 18 -8 -20 -17 -14 23 24 -13 -26 -27 -15 -25 -22
right_child=1 -3 4 8 -6 6 17 -9 -10 10 -12 22 21 14 -16 20 -18 -19 19 -21 29 -23 -24 28 25 26 -28 -29 -30 -31
leaf_value=-0.011972633776496933 0.06519189413749811 0.069919135292037957 -0.0052356376205929195 -0.018430864248497814 -0.0013803705972878478 -0.0009402591150308795 0.049126595922538804 -0.019762643763429621 -0.0057734895835769434 0.10141749807766505 0.014432900215690145 0.0015973672848558478 0.030582164388092643 0.015724630954047407 0.034055380837927605 -0.0067631757996643579 0.068415437499061232 0.081920599573779673 -0.01920607815994773 0.02735242153111413 0.00064010309532848235 0.0039406724915736257 0.022623633535004389 -0.0045233441202952767 0.054149301970998445 0.023537424387895082 -0.0076647467227006442 -0.029392916854956874 0.041260572168089094 0.016411167676382104
leaf_weight=1475 32 40 324 203 858 169 89 69 2984 20 38 460 233 415 144 346 23 20 42 180 356 89 106 922 47 145 97 22 20 286
leaf_count=1475 32 40 324 203 858 169 89 69 2984 20 38 460 233 415 144 346 23 20 42 180 356 89 106 922 47 145 97 22 20 286
internal_value=0.000249871 0.00893583 0.00825728 -0.00473147 0.00774253 0.0105306 0.0181999 0.0106375 -0.00261116 0.00197464 0.0456381 0.000686222 0.0149411 0.00695646 0.00943949 0.00696969 0.016285 0.0309237 0.0273921 0.0184974 0.00262053 0.0232535 0.00285485 0.00160301 0.00802783 0.0182224 0.0110507 0.0133913 -0.00350856 0.00768044
internal_weight=10254 3737 3697 6517 3665 2807 891 560 5042 2058 58 2000 491 1916 1592 1448 460 331 311 222 988 322 1797 1691 749 289 242 437 942 642
internal_count=10254 3737 3697 6517 3665 2807 891 560 5042 2058 58 2000 491 1916 1592 1448 460 331 311 222 988 322 1797 1691 749 289 242 437 942 642
is_linear=0
shrinkage=0.05


Tree=30
num_leaves=31
num_cat=0
split_feature=9 2 9 8 9 5 3 8 2 0 3 12 12 10 8 9 9 13 2 5 9 5 2 3 9 1 8 7 7 7
split_gain=129.751 70.3941 54.4093 41.6871 42.1146 41.4822 34.8918 33.2925 23.499 27.4978 19.8899 19.7885 19.5317 19.7578 21.2024 23.7479 22.9026 18.7363 96.2949 20.891 17.952 16.0252 26.6464 14.6004 14.3987 23.4729 14.147 14.8088 14.0752 18.4568
threshold=1.9500000000000002 -0.68873542059088766 6.4500000000000011 1.1339285714285716 4.3166666666666673 0.31666666666666671 174.05082032264764 1.3166666666666669 281.27659859026988 1656.2017619624055 341.89787083419202 -2.9374999999999996 3.4166666666666674 0.38750000000000007 3.5857142857142863 3.8944444444444448 4.3166666666666673 1.0000000180025095e-35 1.0000000180025095e-35 0.29285714285714287 1.3166666666666669 0.18333333333333338 344.83713602079871 10.180945221019671 1.4365079365079367 1499.5358124360262 0.35416666666666669 1.8944444444444446 1.2111111111111115 0.95000000000000007
decision_type=2 2 2 2 2 2 2 2 2 2 2 2 2 2 2 2 2 2 2 2 2 2 2 2 2 2 2 2 2 2
left_child=1 11 3 4 8 12 17 -7 9 26 -10 -1 13 -5 15 -15 -17 23 -19 -20 -21 -8 -23 -3 25 -22 -2 28 29 -28
right_child=2 6 -4 5 -6 7 21 -9 10 -11 -12 -13 -14 14 -16 16 -18 18 19 20 24 22 -24 -25 -26 -27 27 -29 -30 -31
leaf_value=-0.019526847222081607 -0.018233525364295299 -0.0082087570511346058 0.093145084026313968 -0.009415568941272795 0.084773666328854039 0.081505415209435994 -0.0029331893212240162 0.018976288624702298 0.083392760172486313 -0.024272249424113677 0.026051691495055374 -0.0062883055097248527 -0.026767709064814783 0.0065979173891656338 -0.022974836719887599 0.063374316004606399 0.014304841577541083 0.084667702378897841 -0.019717639952990817 -0.0081234580711226564 -0.0045427992939949041 0.013649935049363552 0.060234223881905725 0.0037347579762266286 -0.00036195432114752995 0.052297444455325609 0.017496121331764376 0.063397385956098645 0.0011109645645587874 0.049284703376883225
leaf_weight=303 22 288 20 199 26 27 130 93 24 38 42 4008 53 476 48 38 63 28 270 633 33 467 32 2235 156 39 182 20 77 61
leaf_count=303 22 288 20 199 26 27 130 93 24 38 42 4008 53 476 48 38 63 28 270 633 33 467 32 2235 156 39 182 20 77 61
internal_value=-0.000338352 -0.00270596 0.0131823 0.0120465 0.023942 0.00615822 0.0018118 0.0336027 0.0203737 0.0157343 0.0478364 -0.00722309 0.002369 0.00427325 0.00863985 0.011305 0.0332069 -4.86521e-05 -0.00530843 -0.00760878 -0.00379311 0.0126852 0.0167518 0.0023687 0.0082123 0.0265403 0.0199892 0.0225086 0.0197635 0.0256453
internal_weight=10131 8622 1509 1489 492 997 4311 120 466 400 66 4311 877 824 625 577 101 3682 1159 1131 861 629 499 2523 228 72 362 340 320 243
internal_count=10131 8622 1509 1489 492 997 4311 120 466 400 66 4311 877 824 625 577 101 3682 1159 1131 861 629 499 2523 228 72 362 340 320 243
is_linear=0
shrinkage=0.05


Tree=31
num_leaves=31
num_cat=0
split_feature=9 2 6 0 2 9 0 5 7 6 6 12 11 8 4 2 1 0 2 7 9 12 1 7 6 6 2 2 2 9
split_gain=117.346 63.5644 52.7263 37.4486 31.3724 21.5134 66.549 40.2345 41.3942 18.625 18.4584 20.2304 22.3247 30.7832 17.5457 21.3366 39.2551 30.4815 25.636 22.3344 17.6777 16.5218 16.0389 19.4486 17.4264 32.9031 18.5327 16.3521 15.7138 27.9642
threshold=1.9500000000000002 -0.68873542059088766 3.5500000000000003 1372.3460008983041 170.50821198267946 3.2250000000000005 1579.2713466402151 0.2678571428571429 1.3875000000000002 2.7071428571428577 0.95000000000000007 0.11805555555555559 0.23611111111111113 0.78888888888888908 0.10555555555555557 12.38504205256095 1502.7758342576014 1450.7582638023321 46.457818184728019 1.8944444444444446 2.2361111111111116 -2.9374999999999996 1473.0978818138753 0.18333333333333338 1.8819444444444446 1.0500000000000003 81.607400553536436 25.640175389633786 271.82745481562421 1.4722222222222225
decision_type=2 2 2 2 2 2 2 2 2 2 2 2 2 2 2 2 2 2 2 2 2 2 2 2 2 2 2 2 2 2
left_child=1 9 3 -2 -3 14 7 8 22 21 -6 28 13 -13 -5 16 17 -16 20 -20 -17 -1 23 -7 25 26 27 -25 -12 -30
right_child=2 4 -4 5 10 6 -8 -9 -10 -11 11 12 -14 -15 15 18 -18 -19 19 -21 -22 -23 -24 24 -26 -27 -28 -29 29 -31
leaf_value=-0.018553716484089627 -0.008888699231556987 -9.7946075986424401e-05 0.084584138602018355 -0.0083534222161484369 -0.018559886722211191 0.059613767278691138 0.1042537134885788 0.063570111714909935 -0.054500153322111479 0.016752950256554093 0.017037628843484681 -0.0067198315856627907 -0.011707766132493472 0.028896687663802451 0.0239104734408477 0.0073783361879379856 -0.007781014133555194 0.078918149085207431 0.011900852726422566 0.060274931371212009 -0.029002714887834513 -0.0064468895925151194 -0.018128502561012283 0.043111729638084129 0.055043477014017607 -0.015040307939569984 0.066622984896485632 -0.016009050700813533 0.02028330003687491 0.086345195598327207
leaf_weight=303 198 3647 24 106 46 29 24 42 21 81 182 100 115 152 62 68 47 43 566 24 64 3927 27 22 23 71 25 23 44 25
leaf_count=303 198 3647 24 106 46 29 24 42 21 81 182 100 115 152 62 68 47 43 566 24 64 3927 27 22 23 71 25 23 44 25
internal_value=-0.000318243 -0.00256982 0.0125398 0.0113193 0.00172319 0.0144328 0.025972 0.0189895 0.0109897 -0.00686224 0.0117108 0.0139903 0.00647932 0.0147925 0.0107951 0.0131244 0.0300998 0.0469694 0.00951395 0.0139673 -0.0103464 -0.0073183 0.0174593 0.0225057 0.0156224 0.00884963 0.0329514 0.0132033 0.0249032 0.0451103
internal_weight=10131 8622 1509 1485 4311 1287 307 283 241 4311 664 618 367 252 980 874 152 105 722 590 132 4230 220 193 164 141 70 45 251 69
internal_count=10131 8622 1509 1485 4311 1287 307 283 241 4311 664 618 367 252 980 874 152 105 722 590 132 4230 220 193 164 141 70 45 251 69
is_linear=0
shrinkage=0.05


Tree=32
num_leaves=31
num_cat=0
split_feature=9 2 9 8 9 5 8 3 2 0 12 12 10 8 9 9 13 3 5 9 6 6 9 8 12 2 10 10 12 3
split_gain=106.14 57.3871 49.1235 36.0209 36.4633 35.7659 29.4589 28.4747 20.6012 24.9101 19.7286 18.1202 16.9478 18.837 20.3865 19.8343 16.8873 87.7946 18.6268 17.7702 16.8752 16.8245 15.9335 15.1515 16.9883 16.2068 19.561 18.7969 14.9186 14.435
threshold=1.9500000000000002 -0.68873542059088766 6.4500000000000011 1.1339285714285716 4.3166666666666673 0.31666666666666671 1.3166666666666669 174.05082032264764 281.27659859026988 1614.7484717180791 1.4142857142857144 3.4166666666666674 0.38750000000000007 3.7250000000000005 3.8944444444444448 4.3166666666666673 1.0000000180025095e-35 0.48673608556816822 0.29285714285714287 1.3166666666666669 2.8166666666666669 2.7071428571428577 2.2928571428571431 0.78888888888888908 0.7071428571428573 291.75834885686498 0.64583333333333337 0.78888888888888908 -2.9374999999999996 209.1523928924677
decision_type=2 2 2 2 2 2 2 2 2 2 2 2 2 2 2 2 2 2 2 2 2 2 2 2 2 2 2 2 2 2
left_child=1 21 3 4 8 11 -7 16 9 29 -10 12 -5 14 -14 -16 -3 -18 -19 -20 23 28 -11 24 -9 27 -27 -25 -1 -2
right_child=2 7 -4 5 -6 6 -8 20 10 22 -12 -13 13 -15 15 -17 17 18 19 -21 -22 -23 -24 25 -26 26 -28 -29 -30 -31
leaf_value=-0.017629082147093297 0.01644501990110726 0.0022526485401693891 0.087904705320085805 -0.0089832841079914953 0.078506955787263535 0.075913380831480026 0.01711265314370394 0.01386977367115573 0.077479213465833002 -0.035196884760731149 0.021368032911928691 -0.026203551795333624 0.0056496841016095579 -0.025058710011767179 0.057180023883900991 0.012372758720929806 0.084080807862941309 -0.018562522610334461 -0.0078515825078155337 0.0083975485831043611 0.043349644412191059 0.015925518087134129 0.016341927021741868 0.0012195380307157 -0.01274668842896119 0.069193599989701968 0.010681259793539843 0.027162055519153985 -0.0061246271621930946 0.054743874155812791
leaf_weight=303 313 2523 20 199 26 27 93 111 26 37 40 53 481 40 40 64 26 271 634 228 38 81 24 183 128 28 29 112 3927 26
leaf_count=303 313 2523 20 199 26 27 93 111 26 37 40 53 481 40 40 64 26 271 634 228 38 81 24 183 128 28 29 112 3927 26
internal_value=-0.000299327 -0.00244071 0.0119294 0.0108507 0.0219079 0.00537762 0.0308609 0.00163837 0.0185887 0.0142466 0.0442989 0.00185957 0.00369417 0.00773858 0.0100201 0.0299868 -4.23176e-05 -0.00503581 -0.00715319 -0.00354892 0.0114611 -0.00651922 -0.0149828 0.00934097 -0.000378784 0.0159228 0.0401216 0.0111274 -0.00695268 0.0195348
internal_weight=10131 8622 1509 1489 492 997 120 4311 466 400 66 877 824 625 585 104 3682 1159 1133 862 629 4311 61 591 239 352 57 295 4230 339
internal_count=10131 8622 1509 1489 492 997 120 4311 466 400 66 877 824 625 585 104 3682 1159 1133 862 629 4311 61 591 239 352 57 295 4230 339
is_linear=0
shrinkage=0.05


Tree=33
num_leaves=31
num_cat=0
split_feature=9 2 6 0 13 2 6 13 9 5 5 1 3 1 2 9 6 1 7 11 0 0 13 7 3 0 3 3 7 1
split_gain=95.9721 51.8273 47.2423 32.233 26.0871 79.9685 29.4043 20.7585 37.46 31.0785 26.0383 28.4945 18.4492 18.1419 16.4438 23.2028 22.1785 21.647 39.9208 22.9439 16.3954 15.7126 15.5017 15.4189 25.7476 34.2333 25.1063 33.57 26.4307 22.365
threshold=1.9500000000000002 -0.68873542059088766 3.5500000000000003 1372.3460008983041 1.0000000180025095e-35 1.0000000180025095e-35 2.0500000000000003 1.0000000180025095e-35 3.8444444444444446 0.10555555555555557 0.35416666666666669 1486.6932970008249 8.0830364929076968 1273.532890750299 163.51906521811273 1.4142857142857144 2.8166666666666669 1469.5109567905863 0.95000000000000007 0.18333333333333338 1675.3068445175816 1356.5342243784373 1.0000000180025095e-35 0.89444444444444449 133.22402145465892 1510.0316436198586 23.847737468611289 105.9637445912946 1.0500000000000003 1415.1623613369736
decision_type=2 2 2 2 2 2 2 2 2 2 2 2 2 2 2 2 2 2 2 2 2 2 2 2 2 2 2 2 2 2
left_child=1 21 3 -2 6 -6 20 8 10 -10 13 -12 -9 -5 15 16 -8 18 -16 -19 -3 -1 -23 24 25 -14 -25 29 -29 -28
right_child=2 4 -4 7 5 -7 14 12 9 -11 11 -13 23 -15 17 -17 -18 19 -20 -21 -22 22 -24 26 -26 -27 27 28 -30 -31
leaf_value=-0.015312405003200857 -0.0085549406129012736 -4.2766182291918882e-05 0.079538735195994387 0.035148452085388061 0.077728404580005295 -0.0062488175796833589 0.021515406878302716 -0.031653695816502854 0.027028312962502243 0.087975869303749454 0.011655777597496676 0.071343332739212575 -0.0039525052524792652 0.0079577705971323638 0.012657038090484483 -0.014704107374829405 -0.0078781374500078317 0.038045092862099415 0.092228047748406733 -0.0080611107440791644 0.011745070549659432 -0.0031454529006230674 -0.010067233487759418 0.058316743774339555 -0.0321018577994047 0.066981479082079173 0.03759893058311372 0.081267218935218724 0.014221042451111877 -0.019931360278492686
leaf_weight=425 198 2070 24 67 28 1267 265 33 69 30 42 38 89 642 34 84 84 49 29 58 343 2738 1148 29 55 20 20 21 46 86
leaf_count=425 198 2070 24 67 28 1267 265 33 69 30 42 38 89 642 34 84 84 49 29 58 343 2738 1148 29 55 20 20 21 46 86
internal_value=-0.000281209 -0.00231744 0.0113471 0.0101922 0.00155901 -0.00437452 0.00410734 0.0130808 0.0173338 0.0461923 0.0136589 0.0405381 0.00359569 0.0105732 0.0139737 0.00876407 0.0144384 0.027114 0.0501537 0.0132097 0.00163701 -0.00619335 -0.00519235 0.0068515 -0.00452617 0.00955351 0.0160656 0.0086886 0.0361216 -0.00882664
internal_weight=10131 8622 1509 1485 4311 1295 3016 1287 888 99 789 80 399 709 603 433 349 170 63 107 2413 4311 3886 366 164 109 202 173 67 106
internal_count=10131 8622 1509 1485 4311 1295 3016 1287 888 99 789 80 399 709 603 433 349 170 63 107 2413 4311 3886 366 164 109 202 173 67 106
is_linear=0
shrinkage=0.05


Tree=34
num_leaves=31
num_cat=0
split_feature=2 3 6 7 12 12 1 12 1 11 8 1 4 8 1 2 0 8 13 1 10 1 0 0 0 11 1 0 0 10
split_gain=81.4011 45.9995 40.1145 54.2172 26.2505 22.5638 22.5094 21.5316 23.166 17.4771 20.1504 17.4074 15.919 15.7291 15.5097 39.8673 21.7895 19.4268 15.4605 15.2454 14.2594 13.9379 13.779 17.8053 14.4393 12.5262 19.8699 16.6915 23.1268 12.3464
threshold=-27.778146390767116 209.1523928924677 2.0500000000000003 0.38750000000000007 3.4166666666666674 -0.35416666666666669 1500.0034212760986 0.15476190476190479 1291.4115366078554 0.35416666666666669 0.78888888888888908 1503.4290376951919 1.0000000180025095e-35 0.31666666666666671 1500.0034212760986 24.680286138279374 1512.8860334966878 0.95000000000000007 1.0000000180025095e-35 1507.3471790603701 0.38750000000000007 1454.1155502403865 1741.387276868443 1605.012838933339 1651.6895867711476 0.18333333333333338 1502.0229440339592 1576.4825881700456 1588.7172425980045 0.13392857142857145
decision_type=2 2 2 2 2 2 2 2 2 2 2 2 2 2 2 2 2 2 2 2 2 2 2 2 2 2 2 2 2 2
left_child=12 2 11 -4 5 6 -5 8 -3 10 -9 13 -1 -2 15 -7 -17 21 -14 -16 29 -18 23 -10 -25 -22 27 -27 -29 -15
right_child=1 7 3 4 -6 14 -8 9 22 -11 -12 -13 18 20 19 16 17 -19 -20 -21 25 -23 -24 24 -26 26 -28 28 -30 -31
leaf_value=-0.016538085419208159 -0.021230192209726998 0.061319086501418166 0.088533996959978892 -0.054321378412155008 0.051655259329293463 0.077767499053367869 -0.0012150605348334915 -0.0036522890242361807 0.04627032736815246 -0.021781353663564439 0.021871218862167252 -0.0039119178788151908 -0.0030296256515013444 0.00076839089156033444 -0.02804544707032619 -0.015962140621617438 0.032251964791706111 0.036366365856363207 -0.010646005251745118 0.0075319913758016502 -0.00069341742337506341 -0.0070923413515654983 0.039463995507685472 -0.022334014889784159 0.015961571311345325 0.0044383588157598389 0.04973043556566592 0.059765140375783371 0.012532892661366724 -0.013873405768661577
leaf_weight=343 69 42 21 25 34 26 86 122 27 41 209 1879 2317 489 31 49 32 101 935 516 744 70 63 39 63 1335 26 30 164 203
leaf_count=343 69 42 21 25 34 26 86 122 27 41 209 1879 2317 489 31 49 32 101 935 516 744 70 63 39 63 1335 26 30 164 203
internal_value=-0.000263835 0.00306001 0.00171778 0.0108931 0.00912276 0.00752429 -0.0135542 0.0161698 0.0280262 0.00865659 0.0124811 -0.000125053 -0.00630602 0.0022008 0.0103733 0.0199704 0.0137234 0.020932 -0.00522205 0.00546822 0.00274825 0.00544426 0.0204634 0.0109519 0.00124447 0.00464192 0.00719345 0.0064381 0.0201059 -0.00354064
internal_weight=10131 6536 5930 991 970 936 111 606 234 372 331 4939 3595 3060 825 278 252 203 3252 547 2991 102 192 129 102 2299 1555 1529 194 692
internal_count=10131 6536 5930 991 970 936 111 606 234 372 331 4939 3595 3060 825 278 252 203 3252 547 2991 102 192 129 102 2299 1555 1529 194 692
is_linear=0
shrinkage=0.05


Tree=35
num_leaves=31
num_cat=0
split_feature=9 6 12 0 9 8 9 7 6 3 0 13 7 5 1 13 3 6 0 7 1 5 1 0 7 6 10 8 6 4
split_gain=107.298 62.3272 54.8879 38.4661 32.8561 32.4719 35.8596 79.8322 69.3735 29.4827 35.5061 26.8905 25.6783 24.9447 41.6119 33.7627 62.0329 34.1081 23.3874 22.3286 20.1106 19.4839 23.975 38.9545 26.2481 23.9598 23.4623 26.8583 23.0779 18.3456
threshold=2.0500000000000003 3.5500000000000003 3.4166666666666674 1408.4149693138847 1.3875000000000002 2.9500000000000006 4.1125000000000007 0.68333333333333346 1.2361111111111114 341.89787083419202 1757.5317611826767 1.0000000180025095e-35 0.58571428571428574 0.41428571428571431 1525.7896031390135 1.0000000180025095e-35 6.0668857051416589 2.0500000000000003 1598.5229047713899 1.3166666666666669 1497.7098865966118 0.23611111111111113 1430.3868982131942 1427.5595768114692 0.61250000000000016 0.64583333333333337 0.47222222222222227 1.5857142857142861 0.81666666666666676 0.58571428571428574
decision_type=2 2 2 2 2 2 2 2 2 2 2 2 2 2 2 2 2 2 2 2 2 2 2 2 2 2 2 2 2 2
left_child=3 2 5 -1 11 6 21 -8 -9 13 -11 18 -4 -6 15 17 -17 19 -5 -15 -21 22 23 -2 -24 -23 27 29 -27 -25
right_child=1 -3 12 4 9 -7 7 8 -10 10 -12 -13 -14 14 -16 16 -18 -19 -20 20 -22 25 24 26 -26 28 -28 -29 -30 -31
leaf_value=-0.011589669821754167 -0.0092269665771318194 0.09538603561080021 0.013420065435079429 -0.0031275863930255729 0.0010592081259692295 -0.013653692154659201 0.0033522318784768388 0.15784712082573349 0.02615328636907396 -0.0030005874281579803 0.085886308581878748 -0.0079567149695223913 0.065163884651573273 -0.012022115530239212 -0.0048278851874088979 0.11594606402974864 0.025783808007346171 0.068234357742282245 0.0051826817349114838 0.0010721066552731727 0.057407425189840378 -0.028744812879622696 0.015849389899148386 0.013291618388463209 -0.018884798300912581 0.073788622487336405 0.0085055095982224781 0.072957565733609162 0.021104473897613326 0.061774768903851508
leaf_weight=876 150 22 38 2563 1973 137 59 20 20 21 23 1689 67 89 177 25 75 23 1263 35 28 20 80 93 165 23 166 36 171 24
leaf_count=876 150 22 38 2563 1973 137 59 20 20 21 23 1689 67 89 177 25 75 23 1263 35 28 20 80 93 165 23 166 36 171 24
internal_value=0.000312909 0.0137739 0.012285 -0.00164984 -0.000557932 0.00913946 0.0121904 0.0406514 0.0942441 0.00423481 0.0443391 -0.00270396 0.0467408 0.00348917 0.0140703 0.0262073 0.0492492 0.0128355 -0.000383648 0.00406157 0.0266158 0.0091136 0.00513187 0.0117454 -0.0075247 0.0223128 0.0216051 0.0356702 0.0276969 0.0236761
internal_weight=10151 1291 1269 8860 7984 1164 1027 99 40 2469 44 5515 105 2425 452 275 100 175 3826 152 63 928 714 469 245 214 319 153 194 117
internal_count=10151 1291 1269 8860 7984 1164 1027 99 40 2469 44 5515 105 2425 452 275 100 175 3826 152 63 928 714 469 245 214 319 153 194 117
is_linear=0
shrinkage=0.05


Tree=36
num_leaves=31
num_cat=0
split_feature=9 6 12 2 13 9 7 6 4 2 5 8 1 8 11 8 1 6 3 1 1 8 5 9 5 8 13 12 6 9
split_gain=97.098 56.5202 49.5933 37.6737 30.7086 63.0703 93.5374 38.8801 33.9503 26.2508 25.3516 32.2406 26.349 25.0513 24.9048 24.7331 23.4463 73.1998 19.8607 19.106 35.0809 18.5542 18.4738 18.1114 17.5205 17.254 20.377 17.16 17.0927 16.1443
threshold=2.0500000000000003 3.5500000000000003 3.4166666666666674 18.497957053657277 1.0000000180025095e-35 4.1125000000000007 0.68333333333333346 1.3875000000000002 0.29285714285714287 344.83713602079871 0.35416666666666669 1.1339285714285716 1398.8051706727115 2.1055555555555561 0.29285714285714287 1.5857142857142861 1319.576047716135 1.2928571428571431 1.0000000180025095e-35 1439.5396480464499 1325.1703674706412 3.3666666666666671 0.18333333333333338 1.1180555555555558 0.18333333333333338 1.8452380952380956 1.0000000180025095e-35 -1.1180555555555554 0.95000000000000007 2.7638888888888893
decision_type=2 2 2 2 2 2 2 2 2 2 2 2 2 2 2 2 2 2 2 2 2 2 2 2 2 2 2 2 2 2
left_child=3 2 4 18 5 7 -7 13 -9 25 11 12 -10 15 -11 -2 -4 -18 -1 20 -6 23 -21 -20 -14 26 -5 -25 -22 -19
right_child=1 -3 16 9 19 6 -8 8 10 14 -12 -13 24 -15 -16 -17 17 29 21 22 28 -23 -24 27 -26 -27 -28 -29 -30 -31
leaf_value=0.022690767060909698 -0.0030981300170354262 0.090824095321738199 0.011299463744099077 0.0035060965524083805 -0.02414574687774744 0.01040499298616724 0.12627634106203914 0.082276007316439692 0.054169056442333385 0.0058910540107524759 0.067928463562081251 -0.0044732776001004167 0.036390362630287804 -0.019989456449824888 0.071975574499139425 0.025495313124500308 -0.01362134728115052 0.05734237951359579 -0.0065717993200374459 -0.035864166667006966 -0.00046342101081141409 -0.021695389562787919 -0.0019944281689822673 -0.011470198621045273 -0.015723648230944364 0.017988546282177619 -0.0047365232778463435 0.0017405280359404131 0.03546959435853389 0.12149108664930933
leaf_weight=66 207 22 36 2462 61 42 29 22 63 32 23 121 29 112 25 118 22 20 3016 67 55 155 99 290 34 155 1077 1582 82 27
leaf_count=66 207 22 36 2462 61 42 29 22 63 32 23 121 29 112 25 118 22 20 3016 67 55 155 99 290 34 155 1077 1582 82 27
internal_value=0.000301578 0.0131068 0.011689 -0.00156555 0.00869897 0.0141717 0.0588292 0.00974769 0.0238399 0.00223921 0.0187924 0.0139615 0.0315607 0.000298454 0.0356167 0.00732985 0.0444408 0.0613236 -0.00435888 -0.00333484 0.00714065 -0.00471732 -0.0157976 -0.00417461 0.00845911 0.00171468 0.000997046 -0.000311037 0.0211451 0.0959571
internal_weight=10151 1291 1269 8860 1164 800 71 729 292 3751 270 247 126 437 57 325 105 69 5109 364 198 5043 166 4888 63 3694 3539 1872 137 47
internal_count=10151 1291 1269 8860 1164 800 71 729 292 3751 270 247 126 437 57 325 105 69 5109 364 198 5043 166 4888 63 3694 3539 1872 137 47
is_linear=0
shrinkage=0.05


Tree=37
num_leaves=31
num_cat=0
split_feature=9 6 12 6 2 13 9 7 6 4 5 3 6 7 9 1 5 7 13 3 3 7 3 3 7 1 0 6 1 13
split_gain=87.9175 51.2506 44.94 35.7497 29.5885 27.8017 57.1156 84.7223 35.2066 30.7966 22.9939 27.6168 25.9961 22.0345 19.8202 18.6333 28.8693 34.1624 39.774 53.9788 24.4841 21.2391 21.0001 17.7081 22.559 24.6962 17.3852 16.125 16.0747 15.9332
threshold=2.0500000000000003 3.5500000000000003 3.4166666666666674 0.58571428571428574 166.84790755740849 1.0000000180025095e-35 4.1125000000000007 0.68333333333333346 1.3875000000000002 0.29285714285714287 0.35416666666666669 328.3193816101205 1.6458333333333337 0.68333333333333346 2.2361111111111116 1502.7758342576014 0.41428571428571431 1.5857142857142861 1.0000000180025095e-35 6.0668857051416589 1.0000000180025095e-35 1.267857142857143 14.311827118598673 6.4722565047376301 0.89444444444444449 1417.3859622962707 1483.2403368157463 1.5857142857142861 1421.0366407198928 1.0000000180025095e-35
decision_type=2 2 2 2 2 2 2 2 2 2 2 2 2 2 2 2 2 2 2 2 2 2 2 2 2 2 2 2 2 2
left_child=3 2 5 -1 15 6 8 -8 -2 -10 11 12 14 27 -11 16 -5 18 20 -20 -18 -22 -23 -7 -25 26 -26 -4 -16 -6
right_child=1 -3 13 4 29 23 7 -9 9 10 -12 -13 -14 -15 28 -17 17 -19 19 -21 21 22 -24 24 25 -27 -28 -29 -30 -31
leaf_value=-0.012821687161308793 0.00028380532525734952 0.086480334141980045 -0.016070006830109795 -0.00043556410852704119 0.013273567302709434 -0.041379076382145288 0.0098968416306211855 0.12017298588529229 0.078341066476929455 0.06842363580812659 0.064673559491833052 0.05515083015403327 -0.0081012876783793288 0.062309084768251824 0.036009866351614128 -0.0033402684667659145 -0.021343503600877264 -0.005114539323205298 0.11357767152786256 0.027671535835403646 -0.0034745298032821332 0.079049278727986602 0.021067769613937807 -0.014050443340393324 0.01683729515890732 0.00018804902669437458 0.076108235404604971 0.042269759797132933 -0.012096761652466023 -0.0043132807527491053
leaf_weight=644 437 22 21 2181 545 27 42 29 22 21 23 33 125 59 36 4896 45 153 24 72 53 21 58 154 32 131 20 25 32 168
leaf_count=644 437 22 21 2181 545 27 42 29 22 21 23 33 125 59 36 4896 45 153 24 72 53 21 58 154 32 131 20 25 32 168
internal_value=0.000289845 0.0124747 0.0111246 -0.00148683 -0.000596908 0.0082783 0.0134856 0.0559827 0.00927558 0.0226856 0.0178783 0.0132777 0.00659409 0.0423021 0.0270944 -0.00152228 0.0018919 0.013781 0.0243508 0.0500976 0.0101835 0.021011 0.037276 -0.0031718 2.68473e-06 0.0118409 0.0406397 0.0158611 0.0135242 0.00912944
internal_weight=10151 1291 1269 8860 8216 1164 800 71 729 292 270 247 214 105 89 7503 2607 426 273 96 177 132 79 364 337 183 52 46 68 713
internal_count=10151 1291 1269 8860 8216 1164 800 71 729 292 270 247 214 105 89 7503 2607 426 273 96 177 132 79 364 337 183 52 46 68 713
is_linear=0
shrinkage=0.05


Tree=38
num_leaves=31
num_cat=0
split_feature=9 6 8 12 6 2 7 9 8 8 9 3 11 1 5 7 7 13 3 3 1 8 8 10 13 13 6 9 1 2
split_gain=79.6216 46.4695 40.6187 40.9131 32.277 26.959 26.6811 26.6346 24.3768 26.738 24.6401 24.6299 22.6572 21.4656 22.2615 27.0985 29.2183 35.1862 42.5317 37.2623 22.3344 26.7576 20.7292 22.6877 20.4876 19.1521 17.7199 17.2168 16.7996 16.6675
threshold=2.0500000000000003 3.5500000000000003 2.1055555555555561 3.4166666666666674 0.58571428571428574 344.83713602079871 0.68333333333333346 4.6833333333333345 1.5857142857142861 1.1180555555555558 3.0500000000000003 29.330367624517866 0.29285714285714287 1502.7758342576014 0.41428571428571431 1.5857142857142861 1.267857142857143 1.0000000180025095e-35 10.703829688963426 1.5456875407879809 1475.2991456152015 1.2928571428571431 1.0500000000000003 0.47222222222222227 1.0000000180025095e-35 1.0000000180025095e-35 1.5857142857142861 2.4142857142857146 1347.8264464301662 163.51906521811273
decision_type=2 2 2 2 2 2 2 2 2 2 2 2 2 2 2 2 2 2 2 2 2 2 2 2 2 2 2 2 2 2
left_child=4 2 3 8 -1 13 26 -4 9 11 -10 -2 -7 14 -6 16 -16 19 -19 -18 -21 -22 23 27 29 -12 -5 -13 -24 -15
right_child=1 -3 7 6 5 12 -8 -9 10 -11 25 22 -14 24 15 -17 17 18 -20 20 21 -23 28 -25 -26 -27 -28 -29 -30 -31
leaf_value=-0.012181596711653378 -0.024416881347047715 0.082344317501005918 -0.012181730291840097 -0.015303029196167535 0.00069480149432458852 0.0050684469667347997 0.071271728395539177 0.030899011627549218 0.015440900087695948 -0.0042839640049799664 0.070129268839955336 0.045274503692390694 0.068079984030471399 -0.0013762039061187307 -0.0028053702176387969 -0.003272677132816509 -0.019484466748932998 0.11595102117761323 0.033695144058967182 0.0029684710754629448 0.026252717327545673 0.099628169870092764 0.0094833465248701128 -0.0030848262950100686 -0.0074428869061167399 0.014113145969808102 0.046442154116928584 0.011380185732508407 0.066384380172269469 0.015448342895629671
leaf_weight=644 33 22 246 21 2588 32 50 41 176 291 44 68 25 3336 86 171 47 22 54 33 33 20 20 109 1616 24 24 84 38 153
leaf_count=644 33 22 246 21 2588 32 50 41 176 291 44 68 25 3336 86 171 47 22 54 33 33 20 20 109 1616 24 24 84 38 153
internal_value=0.000279437 0.0118752 0.0105896 0.0154221 -0.00141134 -0.000565744 0.0464505 -0.00594142 0.0120503 0.00692387 0.0254763 0.0161753 0.0334024 -0.000807115 0.00250816 0.0125559 0.0217111 0.0317646 0.0587027 0.0160482 0.035468 0.0552738 0.0204377 0.0143203 -0.00279054 0.0508499 0.0179215 0.0267402 0.0472566 -0.000634197
internal_weight=10151 1291 1269 982 8860 8216 95 287 887 643 244 352 57 8159 3054 466 295 209 76 133 86 53 319 261 5105 68 45 152 58 3489
internal_count=10151 1291 1269 982 8860 8216 95 287 887 643 244 352 57 8159 3054 466 295 209 76 133 86 53 319 261 5105 68 45 152 58 3489
is_linear=0
shrinkage=0.05


Tree=39
num_leaves=31
num_cat=0
split_feature=9 6 8 12 0 2 8 2 9 8 0 9 5 1 9 0 5 13 3 2 4 6 3 4 6 3 7 12 3 1
split_gain=72.0159 42.1437 36.7023 37.0192 31.1351 25.7608 24.2557 24.223 24.0838 22.0313 26.5876 23.2169 21.7382 31.3768 33.1279 20.6227 17.8185 17.8162 58.638 19.1717 16.4924 17.7858 16.4316 14.3147 36.3018 14.1456 19.1589 18.3366 15.1974 13.5074
threshold=2.0500000000000003 3.5500000000000003 2.1055555555555561 3.4166666666666674 1404.3061818208873 77.198408603777139 1.0500000000000003 344.83713602079871 4.6833333333333345 1.5857142857142861 1446.1424108810884 3.8944444444444448 0.2678571428571429 1473.0978818138753 4.3166666666666673 1464.8591032985553 0.29285714285714287 1.0000000180025095e-35 0.48673608556816822 9.6316994014208621 0.41428571428571431 0.58571428571428574 277.00331346637967 0.23611111111111113 1.2361111111111114 65.199904720047485 0.43650793650793657 0.3166666666666666 30.019901828085043 1342.187921872852
decision_type=2 2 2 2 2 2 2 2 2 2 2 2 2 2 2 2 2 2 2 2 2 2 2 2 2 2 2 2 2 2
left_child=4 2 3 9 -1 -5 -7 17 23 10 -2 20 13 14 15 -12 -9 19 -19 -6 21 -11 -17 24 -4 28 -27 -28 -23 -20
right_child=1 -3 8 5 7 6 -8 16 -10 11 12 -13 -14 -15 -16 22 -18 18 29 -21 -22 25 -24 -25 -26 26 27 -29 -30 -31
leaf_value=-0.010702139971850612 -0.016854629066188401 0.078406110681269486 -0.013052451749963147 0.090632343664765358 -0.001957226960158103 0.05553941970923916 -0.0018490581640175413 0.01060313324744225 0.029390845829177472 -0.021255200923908327 0.047536257618377292 0.060814723734920084 0.032709553531910247 -0.022726599378329885 0.071885298937559128 -0.0014657556967289462 0.068629036488987147 0.064090295376316206 0.034811178098122279 0.0038955786956542749 -0.022558536445317065 0.031732956243112037 0.025127856852486731 -0.030912540920510673 0.051881728850305078 0.0068402385804802179 0.078780348667580838 0.019389913883060217 -0.011400765269944393 -0.0054833761229323803
leaf_weight=806 101 22 154 22 2854 39 34 37 41 20 30 36 94 76 21 246 20 30 20 2743 22 45 75 68 24 27 37 21 36 2350
leaf_count=806 101 22 154 22 2854 39 34 37 41 20 30 36 94 76 21 246 20 30 20 2743 22 45 75 68 24 27 37 21 36 2350
internal_value=0.000269037 0.011297 0.0100728 0.0146664 -0.00133896 0.0441813 0.0291468 -0.000400729 -0.0056411 0.0114591 0.0065855 0.0242228 0.0109765 0.00635374 0.0123399 0.00858324 0.0317953 -0.000634158 -0.00423723 0.000911323 0.0176289 0.0224775 0.00480645 -0.0115751 -0.00405635 0.0278422 0.0419972 0.05797 0.0126572 -0.0051288
internal_weight=10151 1291 1269 982 8860 95 73 8054 287 887 643 244 542 448 372 351 57 7997 2400 5597 208 186 321 246 178 166 85 58 81 2370
internal_count=10151 1291 1269 982 8860 95 73 8054 287 887 643 244 542 448 372 351 57 7997 2400 5597 208 186 321 246 178 166 85 58 81 2370
is_linear=0
shrinkage=0.05


Tree=40
num_leaves=31
num_cat=0
split_feature=9 1 6 9 12 8 7 0 13 8 0 8 5 6 8 7 10 0 3 9 6 9 9 10 8 0 6 4 0 0
split_gain=128.51 46.025 41.3426 32.1383 30.2234 29.8196 33.7069 23.5542 23.3222 23.1726 44.8462 26.7049 20.4247 20.0695 19.7034 37.0084 29.1588 17.6394 17.35 24.5606 19.0531 18.7767 19.1992 16.9757 15.7589 15.0403 26.4731 15.0396 19.8347 27.2052
threshold=5.6833333333333345 1502.7758342576014 2.183333333333334 1.8660714285714288 1.3166666666666671 1.1833333333333336 0.68333333333333346 1704.1241177131117 1.0000000180025095e-35 1.5857142857142861 1526.4733914732317 2.7888888888888892 0.38750000000000007 1.3875000000000002 0.78888888888888908 0.78888888888888908 0.73214285714285732 1563.2990719798515 104.05269503245098 2.5857142857142863 2.3541666666666674 1.5857142857142861 1.3875000000000002 0.38750000000000007 2.1055555555555561 1634.77891499048 2.5634920634920637 0.31666666666666671 1372.3460008983041 1476.8722449917884
decision_type=2 2 2 2 2 2 2 2 2 2 2 2 2 2 2 2 2 2 2 2 2 2 2 2 2 2 2 2 2 2
left_child=1 2 3 24 7 6 -5 18 13 12 11 23 -7 -3 -8 -16 -17 -6 19 21 -20 22 -4 -11 -1 -19 -27 28 -25 -30
right_child=-2 8 4 5 17 9 14 -9 -10 10 -12 -13 -14 -15 15 16 -18 25 20 -21 -22 -23 -24 27 -26 26 -28 -29 29 -31
leaf_value=0.00032511800567997868 0.098704743723977695 -0.0045579038596399541 0.0043455512321088465 0.0020722700949308689 0.012356791220514514 -0.010685670889336734 0.0092475342062803417 0.053013226055893405 -0.0079828679690512935 -0.0030862189075962559 0.068798865986367072 -0.011333817292215827 0.033174148995172362 0.0027014221025463223 0.09915214140454065 0.01681223086228496 0.063915198304234672 0.07964798081101794 0.020369380427790542 0.060192650142394437 -0.024451583424092246 -0.01293723541374605 0.05267507920436787 0.00058539070541883118 -0.011381366179539608 -0.0011708737064439517 0.073986946452747698 -0.002721086976816878 0.042476927643834518 -0.0082279552903139243
leaf_weight=2490 32 1942 55 173 40 316 77 28 1743 122 29 159 28 1866 22 113 46 32 34 25 73 64 32 63 324 25 21 63 144 32
leaf_count=2490 32 1942 55 173 40 316 77 28 1743 122 29 159 28 1866 22 113 46 32 34 25 73 64 32 63 324 25 21 63 144 32
internal_value=0.000195034 -0.000124256 0.00355634 0.00204439 0.018323 0.00827059 0.0191736 0.0100853 -0.00319427 0.00334022 0.00917112 0.00609235 -0.00702988 -0.00100091 0.0305885 0.0395665 0.0307538 0.0397671 0.0056663 0.0152865 -0.0101527 0.00750466 0.0225185 0.0126385 -0.00102631 0.0534893 0.0339845 0.01898 0.0246879 0.0332635
internal_weight=10213 10181 4630 4201 429 1387 431 311 5551 956 612 583 344 3808 258 181 159 118 283 176 107 151 87 424 2814 78 46 302 239 176
internal_count=10213 10181 4630 4201 429 1387 431 311 5551 956 612 583 344 3808 258 181 159 118 283 176 107 151 87 424 2814 78 46 302 239 176
is_linear=0
shrinkage=0.05


Tree=41
num_leaves=31
num_cat=0
split_feature=9 2 13 9 0 12 12 9 6 6 10 0 0 6 6 0 8 11 11 9 0 7 12 9 8 6 2 6 5 8
split_gain=116.343 57.6028 42.2804 33.6469 44.1083 20.47 17.5721 17.0132 16.2584 20.382 21.3895 25.9446 16.8887 17.1842 15.3044 33.1294 13.3785 13.362 14.9946 12.2435 29.4124 12.6749 11.8644 33.1564 17.4845 13.576 12.3648 11.4277 10.4808 15.4047
threshold=5.6833333333333345 17.348733256607719 1.0000000180025095e-35 4.4222222222222234 1482.491308950792 0.58571428571428596 5.2500000000000009 2.183333333333334 3.5500000000000003 2.0500000000000003 0.93750000000000011 1757.5317611826767 1539.2384466659075 2.7638888888888893 2.683333333333334 1529.8760595163055 3.0500000000000003 0.43650793650793657 0.29285714285714287 2.1339285714285716 1523.4044523739215 0.78888888888888908 0.44444444444444453 1.6833333333333336 1.6458333333333337 2.2928571428571431 26.659463574014811 0.47222222222222227 0.29285714285714287 1.4722222222222225
decision_type=2 2 2 2 2 2 2 2 2 2 2 2 2 2 2 2 2 2 2 2 2 2 2 2 2 2 2 2 2 2
left_child=1 5 3 6 -5 16 8 -7 9 -3 22 12 -12 -14 17 -16 -1 18 28 -20 21 -21 24 25 26 -24 -11 -18 -4 -30
right_child=-2 2 14 4 -6 7 -8 -9 -10 10 11 -13 13 -15 15 -17 27 -19 19 20 -22 -23 23 -25 -26 -27 -28 -29 29 -31
leaf_value=-0.0038788724647190343 0.093919059374567238 0.0044908613801574876 -0.018588800180982301 0.002506529912352562 0.098553372781885709 0.0035819283545007879 0.049044327018782502 0.037426934045989339 -0.026888776582082094 0.053625444322824484 0.0065783659206523045 -0.00206992051965904 0.06006192141717457 0.011469774523749948 0.069303039224310359 0.001130381086351056 -0.026781663748746118 -0.016775250694481655 -0.00046469394202581376 -0.019683588451838919 0.063156469387036784 0.024606625251471999 0.01367486042224548 0.042799586730284826 -0.027088247803971174 -0.032049443960333102 0.013711041669982174 -0.0064747471097455229 -0.0083312567807884222 0.023177490747817185
leaf_weight=4740 32 2579 186 25 22 397 23 40 36 20 30 50 82 24 21 94 119 199 525 34 26 29 21 26 24 64 287 166 247 45
leaf_count=4740 32 2579 186 25 22 397 23 40 36 20 30 50 82 24 21 94 119 199 525 34 26 29 21 26 24 64 287 166 247 45
internal_value=0.00018869 -0.00011511 0.00393065 0.00701318 0.0485812 -0.0036106 0.0064003 0.00675825 0.00608283 0.00646122 0.0145329 0.0287179 0.0399694 0.0492699 -0.00333264 0.0140694 -0.00451349 -0.00489247 -0.00271365 0.0024554 0.0194944 0.000769893 0.00851226 -0.00559623 0.0132461 -0.0207252 0.016477 -0.0150178 -0.00934466 -0.00341293
internal_weight=10213 10181 4719 3313 47 5462 3266 437 3243 3207 628 186 136 106 1406 115 5025 1291 1092 614 89 63 442 111 331 85 307 285 478 292
internal_count=10213 10181 4719 3313 47 5462 3266 437 3243 3207 628 186 136 106 1406 115 5025 1291 1092 614 89 63 442 111 331 85 307 285 478 292
is_linear=0
shrinkage=0.05


Tree=42
num_leaves=31
num_cat=0
split_feature=9 2 12 13 8 9 9 0 1 8 3 3 11 11 0 0 2 9 5 7 9 9 7 0 9 2 10 9 0 1
split_gain=107.31 51.687 30.3903 19.1918 15.8418 21.2781 15.2686 27.3933 14.0286 16.2101 17.8054 15.2706 12.9595 14.5682 20.8871 17.5259 15.3276 12.8101 11.9913 16.541 24.4144 11.9698 11.3395 10.7754 18.5379 17.3155 21.551 20.3908 22.1725 19.8197
threshold=6.4500000000000011 47.666373959776827 5.2500000000000009 1.0000000180025095e-35 3.8166666666666669 4.6833333333333345 2.535714285714286 1579.2713466402151 1502.7758342576014 1.1339285714285716 24.838048734326211 2.4795801486723126 0.43650793650793657 0.29285714285714287 1479.7445167748731 1444.8741263485792 271.82745481562421 2.0500000000000003 1.0000000180025095e-35 1.1055555555555558 1.3875000000000002 2.8166666666666669 1.3875000000000002 1406.438231931226 1.6458333333333337 12.38504205256095 0.38750000000000007 2.4142857142857146 1464.8591032985553 1483.06742021068
decision_type=2 2 2 2 2 2 2 2 2 2 2 2 2 2 2 2 2 2 2 2 2 2 2 2 2 2 2 2 2 2
left_child=1 4 3 6 5 8 -3 -8 9 10 18 -11 13 14 15 -5 -16 -10 -1 -20 -21 -9 -22 -13 -25 26 -26 28 29 -28
right_child=-2 2 -4 12 -6 -7 7 21 17 11 -12 23 -14 -15 16 -17 -18 -19 19 20 22 -23 -24 24 25 -27 27 -29 -30 -31
leaf_value=0.052128222092986114 0.11309196225677927 0.0052942469177095905 0.051111243404448038 -0.0019063555411304588 -0.018440746857474249 0.037138810970217866 0.0099407813586824319 0.025324134890817935 -0.0038897582862749049 -0.01861793445881273 0.00030292547307908535 -0.0061115034379305615 -0.014329983856754772 0.0070903228626039323 -0.0074015553244198415 0.059436311963058652 -0.051470918243839626 -0.031015723979693245 -0.00026363339475406113 -0.0033626746974493326 0.062449820408987444 0.07480704708454701 0.017287070142186205 -0.0026191180164845573 -0.0040536551154218619 -0.0009444880056440647 0.017575547608890033 0.059032461243785098 -0.013852386880252096 0.074076184969056741
leaf_weight=24 20 2305 34 26 155 33 210 26 4228 121 276 510 164 456 340 20 20 43 92 37 42 25 22 603 63 162 56 44 35 21
leaf_count=24 20 2305 34 26 155 33 210 26 4228 121 276 510 164 456 340 20 20 43 92 37 42 25 22 603 63 162 56 44 35 21
internal_value=0.000181623 -5.09936e-05 0.00473983 0.0042868 -0.00269659 -0.00231318 0.00659711 0.0180391 -0.00252307 0.000814281 0.00874041 -0.00160918 -0.00149201 0.000964251 -0.00591678 0.0254615 -0.00998565 -0.00417006 0.0194213 0.0151064 0.0289722 0.0505526 0.0474299 -0.000220103 0.00283647 0.0114552 0.0205901 0.0305048 0.0188743 0.033737
internal_weight=10213 10193 3626 3592 6567 6412 2566 261 6379 2108 493 1615 1026 862 406 46 360 4271 217 193 101 51 64 1494 984 381 219 156 112 77
internal_count=10213 10193 3626 3592 6567 6412 2566 261 6379 2108 493 1615 1026 862 406 46 360 4271 217 193 101 51 64 1494 984 381 219 156 112 77
is_linear=0
shrinkage=0.05


Tree=43
num_leaves=31
num_cat=0
split_feature=9 2 12 13 6 6 1 7 9 5 3 11 13 7 9 1 3 3 0 11 6 9 3 9 9 7 5 2 12 0
split_gain=97.3299 46.6545 27.5155 17.3326 15.4701 15.9266 15.2078 16.1839 15.4242 14.604 14.4953 14.3616 14.1877 13.722 45.9706 21.3332 13.7191 13.6887 38.096 22.6072 13.5252 13.4732 13.0342 14.5539 12.4174 11.8241 11.5615 10.5979 10.658 13.8577
threshold=6.4500000000000011 47.666373959776827 5.2500000000000009 1.0000000180025095e-35 3.5500000000000003 1.3875000000000002 1273.532890750299 0.58571428571428574 2.3875000000000006 0.58571428571428574 180.5599507237911 0.76388888888888895 1.0000000180025095e-35 1.7071428571428573 1.788888888888889 1614.7687862851619 1.0000000180025095e-35 247.92501789822987 1784.4550552714707 0.29285714285714287 3.1055555555555561 4.6833333333333345 80.083980181617804 3.9500000000000006 1.4722222222222225 0.29285714285714287 0.41428571428571431 281.27659859026988 0.16666666666666671 1647.495113490239
decision_type=2 2 2 2 2 2 2 2 2 2 2 2 2 2 2 2 2 2 2 2 2 2 2 2 2 2 2 2 2 2
left_child=1 10 3 4 5 9 8 -8 -7 22 12 13 16 17 15 26 -1 -9 19 -19 -5 25 -3 27 -21 -18 -15 28 29 -24
right_child=-2 2 -4 20 -6 6 7 11 -10 -11 -12 -13 -14 14 -16 -17 21 18 -20 24 -22 -23 23 -25 -26 -27 -28 -29 -30 -31
leaf_value=-0.030008724684778016 0.1077066291655813 -0.0062078245724407925 0.048628697507083422 -0.0024277803917335341 -0.032892928241752092 0.003931481504569883 -0.0061012454950298296 0.0075759436185824413 0.05886325086316755 -0.031051904651703256 -0.009541206188433007 -0.0098141424311899844 -0.005385943464042601 0.054423827022827914 0.082415848122588523 -0.010516356800859473 0.023203667604226482 0.01574003813263072 -0.0096176319928080942 0.032848344459420163 0.031109173716075963 0.040120515706283708 0.017900880894085841 0.045698138366898768 0.085937550567811549 -0.00035317359030745719 0.016385427391297915 -0.016696034956212139 0.00043538346015647105 -0.014909262424083176
leaf_weight=37 20 282 34 996 24 22 161 943 30 32 667 80 1857 28 28 57 53 42 53 20 30 20 257 22 30 3933 69 50 300 36
leaf_count=37 20 282 34 996 24 22 161 943 30 32 667 80 1857 28 28 57 53 42 53 20 30 20 257 22 30 3933 69 50 300 36
internal_value=0.00017493 -4.6606e-05 0.00450502 0.00407395 0.0062695 0.00665204 0.00978277 0.00885256 0.0361356 0.00164884 -0.00256011 0.0106391 -0.00176941 0.0119342 0.0246196 0.0136472 -0.000107366 0.00979159 0.0240503 0.0433409 -0.00141783 0.000176228 0.00278542 0.00660269 0.0657623 -3.42079e-05 0.0278089 0.00519618 0.00706706 0.0138326
internal_weight=10213 10193 3626 3592 2566 2542 1563 1511 52 979 6567 1350 5900 1270 182 154 4043 1088 145 92 1026 4006 947 665 50 3986 97 643 593 293
internal_count=10213 10193 3626 3592 2566 2542 1563 1511 52 979 6567 1350 5900 1270 182 154 4043 1088 145 92 1026 4006 947 665 50 3986 97 643 593 293
is_linear=0
shrinkage=0.05


Tree=44
num_leaves=31
num_cat=0
split_feature=9 2 13 9 0 12 9 3 7 9 2 0 0 11 11 5 8 1 9 0 8 8 0 8 14 0 2 7 8 3
split_gain=88.7807 43.6683 33.0412 28.1766 39.4817 17.7249 14.4852 14.2424 13.0415 26.341 39.1359 13.7872 15.3241 12.4991 16.948 14.1535 22.6506 15.9044 11.7171 22.3566 39.5306 11.0404 10.9433 16.0732 10.5785 11.1549 22.0844 13.8535 10.8344 10.4485
threshold=5.6833333333333345 17.348733256607719 1.0000000180025095e-35 4.4222222222222234 1482.491308950792 0.58571428571428596 2.183333333333334 396.34811285793597 1.7071428571428573 1.788888888888889 59.321059442775898 1669.2889225893889 1611.3113869500046 0.43650793650793657 0.29285714285714287 0.29285714285714287 1.4722222222222225 1379.8973460413799 1.9500000000000002 1518.0457968707731 0.81666666666666676 3.0500000000000003 1572.1969453062459 1.3875000000000002 1.0000000180025095e-35 1632.8374698808375 109.31823778463333 2.0500000000000003 1.1833333333333336 65.885070371536372
decision_type=2 2 2 2 2 2 2 2 2 2 2 2 2 2 2 2 2 2 2 2 2 2 2 2 2 2 2 2 2 2
left_child=1 5 3 7 -5 21 -7 8 -3 11 -11 12 22 14 15 17 24 -4 -16 -20 -21 -1 23 -10 25 26 28 -27 29 -17
right_child=-2 2 13 4 -6 6 -8 -9 9 10 -12 -13 -14 -15 18 16 -18 -19 19 20 -22 -23 -24 -25 -26 27 -28 -29 -30 -31
leaf_value=-0.0034040174136079644 0.082047000019387764 0.0040318635038304792 0.0014976689731007193 0.00066714607752286484 0.091466617118567239 0.0035765045871209338 0.034807392736760583 0.030828028314492918 0.033714028265327219 -0.0031002156548202041 0.080688544001543169 -0.0037594863041582058 0.038564224627896632 -0.014215095774038866 0.00086135209748369106 0.013375829922598462 0.029215758673700631 -0.028657702171395339 -0.0013549968267876755 -0.01143089135736227 0.069317872766405345 -0.01352270134770266 -0.014317677514627576 -0.01863027582211154 0.022168104862794281 -0.029062683231225517 0.033886587236608777 0.015939443726979554 -0.042394306705049845 -0.023425139103616988
leaf_weight=4740 32 2858 66 25 22 397 40 54 49 24 32 133 57 210 537 42 50 128 75 24 39 285 39 20 27 98 34 20 22 34
leaf_count=4740 32 2858 66 25 22 397 40 54 49 24 32 133 57 210 537 42 50 128 75 24 39 285 39 20 27 98 34 20 22 34
internal_value=0.00016857 -9.6816e-05 0.00342576 0.00615077 0.0441891 -0.00314029 0.00650811 0.00559001 0.00515625 0.014197 0.0453547 0.00820974 0.0178222 -0.00299505 -0.00101475 -0.00778166 -0.00141928 -0.0184436 0.00421209 0.0171508 0.0388585 -0.00398049 0.00662164 0.0184924 -0.00703427 -0.0102639 -0.000253817 -0.0213654 -0.0123211 -0.00317817
internal_weight=10213 10181 4719 3313 47 5462 437 3266 3212 354 56 298 165 1406 1196 521 327 194 675 138 63 5025 108 69 277 250 132 118 98 76
internal_count=10213 10181 4719 3313 47 5462 437 3266 3212 354 56 298 165 1406 1196 521 327 194 675 138 63 5025 108 69 277 250 132 118 98 76
is_linear=0
shrinkage=0.05


Tree=45
num_leaves=31
num_cat=0
split_feature=9 6 1 0 9 0 0 0 7 9 8 11 6 4 7 3 1 0 6 3 12 2 6 4 1 0 1 5 12 1
split_gain=43.5535 29.0505 29.9433 28.0173 36.45 33.3963 38.1523 25.9557 23.4942 19.9349 32.5092 24.6554 18.1394 32.7305 29.3691 37.7749 19.396 35.3365 31.496 19.0689 16.0157 18.6037 18.1134 50.4917 21.3782 15.5104 15.1229 15.1218 14.9891 14.98
threshold=2.6125000000000003 1.3875000000000002 1503.4290376951919 1579.2713466402151 3.4722222222222228 1536.0816519318075 1519.0128571376756 1642.911493977869 1.1547619047619049 2.183333333333334 0.89444444444444449 0.29285714285714287 0.31666666666666671 0.18333333333333338 1.6458333333333337 12.044049872856705 1461.9280851327374 1475.8577018906983 1.4722222222222225 85.244502959843672 -1.0000000180025095e-35 -1.6483204643253655 2.4222222222222229 0.78888888888888908 1489.8649428987039 1384.8360287797088 1507.3471790603701 0.41428571428571431 -4.7499999999999991 1459.7911134011654
decision_type=2 2 2 2 2 2 2 2 2 2 2 2 2 2 2 2 2 2 2 2 2 2 2 2 2 2 2 2 2 2
left_child=1 28 8 5 7 6 12 -5 9 -3 -11 -12 -2 19 15 -15 17 18 -17 25 -10 27 -23 24 29 -14 -4 -22 -1 -24
right_child=3 2 26 4 -6 -7 -8 -9 20 10 11 -13 13 14 -16 16 -18 -19 -20 -21 21 22 23 -25 -26 -27 -28 -29 -30 -31
leaf_value=-0.024106720714908408 -0.029669242698167054 -0.00026774597955569763 -0.025111823882006352 0.051468546003103258 0.096694950082085354 -0.029900839590296453 0.06155779502893749 -0.024104742315553485 -0.0064305617194622758 0.056368295094648073 -0.023102508195572431 0.028163868771409806 -0.0051020040363073359 0.058598570570801249 -0.051768662238662888 -0.016788122527919877 -0.032258277065638045 0.038323459017908935 0.030788137965607754 0.076434173224412871 0.024801623004234649 0.01017994961835098 0.068147883812586463 -0.019391858865856194 0.095430941806019604 0.039653023727454675 -0.00013148315313676567 0.076767200265418403 -0.0026803690515588533 0.011756880638382303
leaf_weight=82 27 815 61 24 21 48 37 20 79 42 44 48 29 32 21 133 35 65 46 22 43 462 20 31 23 56 2659 21 4997 28
leaf_count=82 27 815 61 24 21 48 37 20 79 42 44 48 29 32 21 133 35 65 46 22 43 462 20 31 23 56 2659 21 4997 28
internal_value=0.000381178 -0.00045869 0.00252684 0.0132522 0.0440576 0.00954491 0.013361 0.0173448 0.00782538 0.00267976 0.020476 0.00366039 0.00941057 0.0118761 0.00408507 0.00801038 0.00201959 0.00704809 -0.0044587 0.0357884 0.0147188 0.0173853 0.0144339 0.0334161 0.0564222 0.0245019 -0.000700727 0.0427715 -0.00303097 0.0361644
internal_weight=10071 9455 4376 616 65 551 503 44 1656 949 134 92 466 439 332 311 279 244 179 107 707 628 564 102 71 85 2720 64 5079 48
internal_count=10071 9455 4376 616 65 551 503 44 1656 949 134 92 466 439 332 311 279 244 179 107 707 628 564 102 71 85 2720 64 5079 48
is_linear=0
shrinkage=0.05


Tree=46
num_leaves=31
num_cat=0
split_feature=9 12 0 9 0 0 0 6 1 12 1 12 7 6 8 7 6 4 7 3 1 0 6 3 4 9 8 5 13 7
split_gain=39.4276 26.4413 25.4113 33.062 30.2096 34.529 23.5298 19.2038 27.1516 19.4257 18.5628 23.4529 24.9267 22.8192 22.0339 26.7925 16.4279 29.6323 26.6273 34.2001 17.5569 31.9306 28.4743 17.313 16.1758 20.3439 15.2894 14.5789 29.5053 58.8849
threshold=2.6125000000000003 -0.20000000000000001 1579.2713466402151 3.4722222222222228 1536.0816519318075 1519.0128571376756 1642.911493977869 2.183333333333334 1500.0034212760986 0.3166666666666666 1466.609513141854 1.3166666666666671 1.4722222222222225 2.3541666666666674 0.68333333333333346 1.3541666666666667 0.31666666666666671 0.18333333333333338 1.6458333333333337 12.044049872856705 1461.9280851327374 1475.8577018906983 1.4722222222222225 85.244502959843672 1.0000000180025095e-35 1.3875000000000002 0.31666666666666671 0.41428571428571431 1.0000000180025095e-35 1.3166666666666669
decision_type=2 2 2 2 2 2 2 2 2 2 2 2 2 2 2 2 2 2 2 2 2 2 2 2 2 2 2 2 2 2
left_child=1 -1 4 6 5 16 -4 24 10 -10 11 12 -9 -12 -15 -16 -2 23 19 -19 21 22 -21 -18 -3 -26 -27 -28 -29 -30
right_child=2 7 3 -5 -6 -7 -8 8 9 -11 13 -13 -14 14 15 -17 17 18 -20 20 -22 -23 -24 -25 25 26 27 28 29 -31
leaf_value=-0.0049907371181638696 -0.028238761866564994 -0.011209693291314269 0.04899805602431298 0.092079963941465726 -0.028436308110855065 0.058560903723302637 -0.022956898001333079 -0.020759931127600467 0.0089581168995026828 -0.0093817084169492502 0.065190159727353605 0.028981250727289843 0.039529555908996955 -0.024514954858882863 0.060044296975580183 0.0031435858713285553 0.023296880310531273 0.055757427915479198 -0.049297884783961556 -0.015954980579940707 -0.030690166243584827 0.036436318901409824 0.029281484143451809 0.072778626065701249 -0.0017098155033335321 -0.024555331245064736 0.0033916127140604657 0.0041037877831327663 0.089835809820464685 0.007298824517859211
leaf_weight=2381 27 300 24 21 48 37 20 77 357 241 39 78 21 21 41 41 85 32 21 133 35 65 46 22 3539 44 1999 185 34 57
leaf_count=2381 27 300 24 21 48 37 20 77 357 241 39 78 21 21 41 41 85 32 21 133 35 65 46 22 3539 44 1999 185 34 57
internal_value=0.000364772 -0.000434325 0.012611 0.0419487 0.00908034 0.0127098 0.0165079 0.00109978 0.00785027 0.00156366 0.0196303 0.00869997 -0.00757196 0.0330222 0.0203323 0.0319746 0.00895163 0.0112979 0.00388485 0.00762246 0.00192219 0.00670636 -0.00423188 0.0340504 9.45382e-05 0.000675265 0.00431428 0.00488318 0.015635 0.0387781
internal_weight=10071 9455 616 65 551 503 44 7074 916 598 318 176 98 142 103 82 466 439 332 311 279 244 179 107 6158 5858 2319 2275 276 91
internal_count=10071 9455 616 65 551 503 44 7074 916 598 318 176 98 142 103 82 466 439 332 311 279 244 179 107 6158 5858 2319 2275 276 91
is_linear=0
shrinkage=0.05


end of trees

feature_importances:
away_goals_conceded_avg=218
elo_diff=165
elo_home=150
home_goals_conceded_avg=139
home_goals_scored_avg=134
elo_diff_abs=113
h2h_avg_goal_diff=111
elo_away=97
away_goals_scored_avg=90
away_form_winrate=61
is_neutral=45
home_form_winrate=32
h2h_draw_rate=32
h2h_home_winrate=22
is_world_cup=1

parameters:
[boosting: gbdt]
[objective: regression]
[metric: rmse]
[tree_learner: serial]
[device_type: cpu]
[data_sample_strategy: bagging]
[data: ]
[valid: ]
[num_iterations: 500]
[learning_rate: 0.05]
[num_leaves: 31]
[num_threads: 0]
[seed: 0]
[deterministic: 0]
[force_col_wise: 0]
[force_row_wise: 0]
[histogram_pool_size: -1]
[max_depth: -1]
[min_data_in_leaf: 20]
[min_sum_hessian_in_leaf: 0.001]
[bagging_fraction: 0.8]
[pos_bagging_fraction: 1]
[neg_bagging_fraction: 1]
[bagging_freq: 5]
[bagging_seed: 3]
[bagging_by_query: 0]
[feature_fraction: 0.9]
[feature_fraction_bynode: 1]
[feature_fraction_seed: 2]
[extra_trees: 0]
[extra_seed: 6]
[early_stopping_round: 0]
[early_stopping_min_delta: 0]
[first_metric_only: 0]
[max_delta_step: 0]
[lambda_l1: 0]
[lambda_l2: 1]
[linear_lambda: 0]
[min_gain_to_split: 0]
[drop_rate: 0.1]
[max_drop: 50]
[skip_drop: 0.5]
[xgboost_dart_mode: 0]
[uniform_drop: 0]
[drop_seed: 4]
[top_rate: 0.2]
[other_rate: 0.1]
[min_data_per_group: 100]
[max_cat_threshold: 32]
[cat_l2: 10]
[cat_smooth: 10]
[max_cat_to_onehot: 4]
[top_k: 20]
[monotone_constraints: ]
[monotone_constraints_method: basic]
[monotone_penalty: 0]
[feature_contri: ]
[forcedsplits_filename: ]
[refit_decay_rate: 0.9]
[cegb_tradeoff: 1]
[cegb_penalty_split: 0]
[cegb_penalty_feature_lazy: ]
[cegb_penalty_feature_coupled: ]
[path_smooth: 0]
[interaction_constraints: ]
[verbosity: -1]
[saved_feature_importance_type: 0]
[use_quantized_grad: 0]
[num_grad_quant_bins: 4]
[quant_train_renew_leaf: 0]
[stochastic_rounding: 1]
[linear_tree: 0]
[max_bin: 255]
[max_bin_by_feature: ]
[min_data_in_bin: 3]
[bin_construct_sample_cnt: 200000]
[data_random_seed: 1]
[is_enable_sparse: 1]
[enable_bundle: 1]
[use_missing: 1]
[zero_as_missing: 0]
[feature_pre_filter: 1]
[pre_partition: 0]
[two_round: 0]
[header: 0]
[label_column: ]
[weight_column: ]
[group_column: ]
[ignore_column: ]
[categorical_feature: ]
[forcedbins_filename: ]
[precise_float_parser: 0]
[parser_config_file: ]
[objective_seed: 5]
[num_class: 1]
[is_unbalance: 0]
[scale_pos_weight: 1]
[sigmoid: 1]
[boost_from_average: 1]
[reg_sqrt: 0]
[alpha: 0.9]
[fair_c: 1]
[poisson_max_delta_step: 0.7]
[tweedie_variance_power: 1.5]
[lambdarank_truncation_level: 30]
[lambdarank_norm: 1]
[label_gain: ]
[lambdarank_position_bias_regularization: 0]
[eval_at: ]
[multi_error_top_k: 1]
[auc_mu_weights: ]
[num_machines: 1]
[local_listen_port: 12400]
[time_out: 120]
[machine_list_filename: ]
[machines: ]
[gpu_platform_id: -1]
[gpu_device_id: -1]
[gpu_use_dp: 0]
[num_gpu: 1]

end of parameters

pandas_categorical:null
