tree
version=v4
num_class=1
num_tree_per_iteration=1
label_index=0
max_feature_idx=16
objective=regression
feature_names=Column_0 Column_1 Column_2 Column_3 Column_4 Column_5 Column_6 Column_7 Column_8 Column_9 Column_10 Column_11 Column_12 Column_13 Column_14 Column_15 Column_16
feature_infos=[1015.3764357493075:1967.8371694936689] [1017.2571418211651:1974.2336470340083] [-799.56067370933374:748.16602847899912] [0:799.56067370933374] [0:1] [0:1] [0:17] [0:21] [0:15.4] [0:21.5] [0:1] [0:1] [-15:16] [0:1] [0:1] none none
tree_sizes=2663 2793 2795 2798 2773 2787 2784 2786 2788 2821 2806 2777 2791 2802 2772 2786 2796 2811 2815 2814 2801 2803 2836 2781 2825 2758 2797 2787 2806 2807 2828 2818 2839 2826 2833 2828 2813 2843 2788 2823 2781 2798 2813 2783 2808 2804 2797 2795 2791 2791 2796 2841 2814 2828 2831 2818 2819

Tree=0
num_leaves=31
num_cat=0
split_feature=8 8 1 0 1 0 0 1 3 8 8 9 7 3 1 7 12 0 7 3 0 0 1 1 3 3 9 3 13 11
split_gain=1546.36 476.016 435.582 460.896 299.222 192.456 177.439 124.921 99.7235 79.8219 73.9845 56.8196 56.2544 53.2383 52.7788 49.549 48.0771 47.8134 46.4605 39.9735 37.1677 32.8071 32.7633 30.3597 26.8115 25.1555 25.0351 23.1401 20.9919 20.6207
threshold=3.1214285714285719 5.9500000000000011 1500.8081774451687 1426.0874220624939 1488.8742633236905 1509.0428788667709 1515.9330116339877 1695.7776771399456 306.00777273403668 1.9500000000000002 2.8819444444444451 1.788888888888889 2.4500000000000006 86.954152674848856 1433.8026129186208 1.4722222222222225 -1.0499999999999996 1680.7380388195111 1.0500000000000003 139.56088184057981 1586.8439824899888 1290.624733483985 1580.6733928993269 1603.2713084979152 137.09297330514519 117.58276148560982 1.7071428571428573 139.56088184057981 1.0000000180025095e-35 0.38750000000000007
decision_type=2 2 2 2 2 2 2 2 2 2 2 2 2 2 2 2 2 2 2 2 2 2 2 2 2 2 2 2 2 2
left_child=2 4 5 8 11 9 10 20 12 14 15 18 21 -6 -1 28 -11 -9 -2 -7 22 -4 -8 29 -16 -22 27 -18 -5 -17
right_child=1 -3 3 6 13 19 7 17 -10 16 -12 -13 -14 -15 24 23 26 -19 -20 -21 25 -23 -24 -25 -26 -27 -28 -29 -30 -31
leaf_value=1.0889390742919907 1.1591595858425436 1.4480764301945688 1.2076002341836611 1.1099176684297707 1.2143121279495099 1.0901877308924937 1.1018382808214671 1.1381163589728611 1.2079812233706082 1.1556251981708563 1.2135197337370465 1.1448473924531968 1.2314097578512693 1.2939218431778765 1.1052954752978907 1.1311070457770014 1.1216474523909903 1.1108670900056996 1.2422569191499755 1.0757401512001636 1.1005042179088058 1.1426255149889897 1.1187770006617499 1.1487832599602006 1.1623621390874819 1.086963486252019 1.1046258994185931 1.176647852663617 1.1289934819445322 1.1030799233028432
leaf_weight=726 36 20 20 504 37 1038 783 352 100 82 23 132 20 71 1047 460 224 296 34 899 1177 327 448 233 20 485 285 20 201 76
leaf_count=726 36 20 20 504 37 1038 783 352 100 82 23 132 20 71 1047 460 224 296 34 899 1177 327 448 233 20 485 285 20 201 76
internal_value=1.11061 1.21691 1.10703 1.11637 1.20095 1.09519 1.11196 1.10586 1.16384 1.10465 1.12639 1.16459 1.15157 1.26785 1.09933 1.12496 1.12024 1.12569 1.20081 1.08347 1.10142 1.14664 1.108 1.13373 1.10641 1.09654 1.11468 1.12641 1.11537 1.12713
internal_weight=10176 330 9846 5505 310 4341 5038 3541 467 2404 1497 202 367 108 1793 1474 611 648 70 1937 2893 347 1231 769 1067 1662 529 244 705 536
internal_count=10176 330 9846 5505 310 4341 5038 3541 467 2404 1497 202 367 108 1793 1474 611 648 70 1937 2893 347 1231 769 1067 1662 529 244 705 536
is_linear=0
shrinkage=1


Tree=1
num_leaves=31
num_cat=0
split_feature=8 2 8 1 2 3 8 2 0 3 8 13 12 8 13 9 7 4 1 2 12 13 8 3 12 7 11 0 6 6
split_gain=1399.64 937.156 518.73 286.956 227.86 213.486 126.399 71.4037 69.5663 59.8314 59.8044 53.617 48.4946 45.5701 36.9179 36.3946 31.2944 22.6688 30.3384 21.5023 20.2054 19.4292 19.424 19.404 19.2415 18.4939 26.9725 21.0272 18.1735 17.2716
threshold=2.6125000000000003 -59.024409548153351 5.9500000000000011 1484.5325758352722 45.328270451713941 144.07766212204174 3.0500000000000003 -84.813068753659522 1361.6692402498768 126.90883094192078 4.3166666666666673 1.0000000180025095e-35 -1.0499999999999996 3.7250000000000005 1.0000000180025095e-35 1.6833333333333336 1.5857142857142861 0.29285714285714287 1621.7614122231753 22.876022696787121 0.26785714285714285 1.0000000180025095e-35 0.95000000000000007 233.05503751775737 -1.8285714285714281 1.6833333333333336 0.31666666666666671 1424.3726073218866 1.5857142857142861 0.47222222222222227
decision_type=2 2 2 2 2 2 2 2 2 2 2 2 2 2 2 2 2 2 2 2 2 2 2 2 2 2 2 2 2 2
left_child=1 5 3 10 14 24 17 13 16 21 12 -9 -2 -8 -3 -12 -7 18 29 20 22 -6 -16 -11 -1 -10 27 -27 -14 -5
right_child=2 4 -4 6 9 8 7 11 25 23 15 -13 28 -15 19 -17 -18 -19 -20 -21 -22 -23 -24 -25 -26 26 -28 -29 -30 -31
leaf_value=0.025506447463334983 0.063412362118733342 -0.0077285789878647265 0.32152017369156793 0.071641319160434341 -0.019759927422079174 0.05209865536778531 0.12832863921565671 0.028847251764752647 0.024385308925976686 -0.02562662677543899 0.13123540265316314 0.13798688650131227 0.0043843593802067298 0.21133510982844889 -0.0027226653353301521 0.048878134605361195 0.092040845497352322 0.11080551789700986 0.10529642145742069 -0.0090099324736867877 -0.0097328380286081199 -0.0092892706094589508 0.015933667723379449 -0.03766642470057513 0.0094141106568503344 0.077459838677127413 0.013286596968554068 0.041881064515732327 0.049553189856501728 0.01616072054242804
leaf_weight=216 57 2491 20 21 1374 140 41 21 272 1121 21 25 157 40 193 40 81 24 21 270 145 658 500 488 1315 52 68 238 25 41
leaf_count=216 57 2491 20 21 1374 140 41 21 272 1121 21 25 157 40 193 40 81 24 21 270 145 658 500 488 1315 52 68 238 25 41
internal_value=0.000127278 -0.00432559 0.0773342 0.0676048 -0.013276 0.0228729 0.109014 0.142788 0.0429368 -0.0220932 0.0350505 0.0898361 0.0235793 0.171397 -0.00435215 0.07889 0.0670868 0.067977 0.0544212 0.00323885 0.00719139 -0.0163756 0.0107415 -0.0292994 0.0116997 0.0343723 0.0418711 0.048505 0.0108257 0.0357914
internal_weight=10176 9622 554 534 7240 2382 234 127 851 3641 300 46 239 81 3599 61 221 107 83 1108 838 2032 693 1609 1531 630 358 290 182 62
internal_count=10176 9622 554 534 7240 2382 234 127 851 3641 300 46 239 81 3599 61 221 107 83 1108 838 2032 693 1609 1531 630 358 290 182 62
is_linear=0
shrinkage=0.05


Tree=2
num_leaves=31
num_cat=0
split_feature=8 2 1 2 2 8 2 7 3 8 9 8 6 1 8 7 12 6 2 12 8 12 7 1 3 8 10 0 0 4
split_gain=1272.79 966.501 387.057 226.153 225.267 215.276 81.9475 65.6131 58.1884 48.0545 39.3177 35.3028 31.4482 30.6136 29.0819 32.2759 24.8096 22.7476 20.7788 20.1149 17.8577 17.7319 19.1855 17.679 17.2821 16.6963 16.1933 18.1712 15.4352 33.0474
threshold=3.2678571428571432 -59.024409548153351 1473.0978818138753 -163.99143849860442 41.419332038422233 5.4500000000000011 -308.27270358582717 1.2928571428571431 126.90883094192078 2.8452380952380958 1.6833333333333336 3.5277777777777781 1.0500000000000003 1483.06742021068 2.0500000000000003 0.88194444444444453 -1.9374999999999998 1.6833333333333336 -84.813068753659522 -2.7083333333333326 1.5857142857142861 0.26785714285714285 1.7638888888888891 1478.3585613721614 118.67975883927899 1.9500000000000002 0.29285714285714287 1408.4149693138847 1427.5595768114692 0.38750000000000007
decision_type=2 2 2 2 2 2 2 2 2 2 2 2 2 2 2 2 2 2 2 2 2 2 2 2 2 2 2 2 2 2
left_child=1 3 10 6 9 7 12 -4 -6 21 -2 -9 -1 -11 16 -16 -5 -17 -13 20 -8 22 25 -10 26 -3 -18 -28 29 -21
right_child=2 4 5 14 8 -7 19 11 23 13 -12 18 -14 -15 15 17 24 -19 -20 28 -22 -23 -24 -25 -26 -27 27 -29 -30 -31
leaf_value=0.096608817968333122 0.085838176916505027 -0.0058158928006509236 0.06802230223136789 0.027706576452827921 -0.015288913670091837 0.30485777035355571 0.024409991199219671 0.096841312227425758 -0.031684922854408097 0.011253235432686227 0.02915929178135437 0.19420947052062829 0.038667449727654457 0.08729517686626187 -0.0072411741390824326 0.032066722575575114 -0.0023066992451547075 0.087438633328392398 0.12268693676839273 0.037909789883823541 0.074506258386284566 -0.011116047502884661 0.0056758233269312459 -0.020602903184663252 0.018285807355247707 0.0079776805603069805 -0.017361986006681734 0.013688736820463523 0.027096329573938191 0.099604052066802992
leaf_weight=100 42 1969 33 203 2175 21 26 26 1050 32 113 46 33 22 49 199 396 20 23 200 66 676 618 561 360 246 51 515 281 24
leaf_count=100 42 1969 33 203 2175 21 26 26 1050 32 113 46 33 22 49 199 396 20 23 200 66 676 618 561 360 246 51 515 281 24
internal_value=0.000129069 -0.00297866 0.100727 0.0237163 -0.0121453 0.158045 0.0471605 0.131781 -0.020636 -0.00312006 0.0449692 0.15299 0.0826282 0.0432572 0.0141503 0.0293216 0.0114667 0.037498 0.172462 0.039134 0.0607633 -0.00384588 -0.00210779 -0.027841 0.00895388 -0.00428106 0.00544632 0.0108652 0.0350813 0.0449332
internal_weight=10176 9872 304 2523 7349 149 730 128 3786 3563 155 95 133 54 1793 268 1525 219 69 597 92 3509 2833 1611 1322 2215 962 566 505 224
internal_count=10176 9872 304 2523 7349 149 730 128 3786 3563 155 95 133 54 1793 268 1525 219 69 597 92 3509 2833 1611 1322 2215 962 566 505 224
is_linear=0
shrinkage=0.05


Tree=3
num_leaves=31
num_cat=0
split_feature=8 2 8 1 2 2 5 13 8 3 0 8 2 9 13 3 9 2 8 8 2 10 13 3 7 9 7 7 1 8
split_gain=1154.36 820.78 410.683 252.945 191.957 186.61 71.833 69.7601 66.6879 49.0042 46.1683 43.1067 37.6843 37.0201 34.5151 33.8377 31.2267 21.9482 20.823 19.6678 18.7041 18.7902 17.7824 17.2569 16.9455 16.4659 17.9891 16.2448 15.6993 16.1515
threshold=2.8452380952380958 -59.024409548153351 5.9500000000000011 1484.5325758352722 -191.06705678312832 45.328270451713941 0.29285714285714287 1.0000000180025095e-35 3.8166666666666669 126.90883094192078 1356.5342243784373 4.3166666666666673 -82.966460171568642 1.1833333333333336 1.0000000180025095e-35 137.09297330514519 1.6833333333333336 -5.5885211956305048 2.6125000000000003 2.0500000000000003 -1.0000000180025095e-35 0.64583333333333337 1.0000000180025095e-35 233.05503751775737 2.8660714285714293 0.58571428571428574 3.1714285714285722 1.2928571428571431 1436.7786605943918 3.4722222222222228
decision_type=2 2 2 2 2 2 2 2 2 2 2 2 2 2 2 2 2 2 2 2 2 2 2 2 2 2 2 2 2 2
left_child=1 4 3 11 10 14 -5 8 13 22 19 17 -9 -8 -3 18 -13 -2 25 27 21 -16 -7 -11 -12 -6 -27 -1 29 -19
right_child=2 5 -4 6 15 9 7 12 -10 23 24 16 -14 -15 20 -17 -18 28 -20 -21 -22 -23 -24 -25 -26 26 -28 -29 -30 -31
leaf_value=0.020388036918255591 0.036765407282309454 -0.0071609922253574989 0.29431834495848136 0.026938057334526727 -0.0040383738131924748 -0.017985419673217103 0.10028471993282438 0.19863974020669337 0.16192458188533784 -0.022985835821797772 0.034285917729618469 0.12020980857990005 0.11745754484619414 0.022028868501224826 0.012730957471649164 0.026311888572949488 0.044009427617235884 -0.0065617830527049522 0.053415254303919413 0.085591541230678567 -0.0031073208757855094 -0.018575281670914507 -0.007984775549195933 -0.03433172671073869 0.077780664086341864 0.010905170542901327 0.048934276448562741 0.067048720609058032 -0.026717533685010054 0.051428330655802379
leaf_weight=30 121 2509 20 22 186 1381 31 37 24 1121 310 21 34 30 511 451 40 26 27 93 556 52 659 488 24 1238 31 54 28 21
leaf_count=30 121 2509 20 22 186 1381 31 37 24 1121 310 21 34 30 511 451 40 26 27 93 556 52 659 488 24 1238 31 54 28 21
internal_value=0.000129889 -0.00351694 0.0778806 0.0672772 0.0215475 -0.0119367 0.112955 0.124837 0.092327 -0.0199189 0.0487749 0.0353249 0.161935 0.0627743 -0.00390496 0.0143282 0.0717581 0.0236793 0.0106661 0.0694681 0.00339552 0.00981163 -0.0147603 -0.0264462 0.0376341 0.00983669 0.011872 0.0508201 0.00236114 0.0198803
internal_weight=10176 9721 455 435 2444 7277 178 156 85 3649 511 257 71 61 3628 1933 61 196 1482 177 1119 563 2040 1609 334 1455 1269 84 75 47
internal_count=10176 9721 455 435 2444 7277 178 156 85 3649 511 257 71 61 3628 1933 61 196 1482 177 1119 563 2040 1609 334 1455 1269 84 75 47
is_linear=0
shrinkage=0.05


Tree=4
num_leaves=31
num_cat=0
split_feature=8 2 1 2 2 8 7 2 2 8 9 3 8 6 8 4 1 2 1 5 12 7 8 5 8 1 0 8 7 7
split_gain=1046.24 787.049 324.695 185.935 184.072 181.573 56.0469 55.7505 47.3187 39.9165 33.783 32.8817 29.4449 27.621 26.6041 32.5921 25.7009 17.259 15.8846 48.014 15.4635 17.955 17.9231 19.8361 18.1926 15.4559 15.047 14.4965 14.3895 20.6995
threshold=3.2678571428571432 -59.024409548153351 1473.0978818138753 -191.06705678312832 41.419332038422233 5.4500000000000011 1.2928571428571431 -308.27270358582717 127.77148353154793 2.8452380952380958 1.6833333333333336 137.09297330514519 3.5277777777777781 1.0500000000000003 2.4365079365079372 0.21111111111111114 1483.06742021068 -84.813068753659522 1621.7614122231753 0.58571428571428574 0.26785714285714285 2.7638888888888893 2.2678571428571432 0.2678571428571429 2.4365079365079372 1478.3585613721614 1350.8401365852212 2.4365079365079372 0.95000000000000007 1.5634920634920637
decision_type=2 2 2 2 2 2 2 2 2 2 2 2 2 2 2 2 2 2 2 2 2 2 2 2 2 2 2 2 2 2
left_child=1 3 10 7 9 6 -4 13 -6 20 -2 14 -8 27 -5 28 -11 -14 19 -9 21 22 -3 -24 -25 -10 -12 -1 -16 -30
right_child=2 4 5 11 8 -7 12 18 25 16 26 -13 17 -15 15 -17 -18 -19 -20 -21 -22 -23 23 24 -26 -27 -28 -29 29 -31
leaf_value=0.074973145167569852 0.078143766349138222 -0.0035152374266055964 0.060911130992805256 0.0089459722336218805 -0.013840875870309292 0.27861933762376961 0.088070482070799233 0.034350579823846018 -0.028759436872214595 0.010149510046749403 0.0013675593904086524 0.025956828574980457 0.17690805417109046 0.034423927436856662 -0.017537375716936022 0.082535559435685482 0.079816540233466945 0.11173706967383623 0.030617870135526911 0.10183885434849396 -0.01025137911651124 0.017782373350512769 -0.0043505269723633925 0.06496172289139239 0.0099135816548809874 -0.018354057471712565 0.039254306874250716 0.12152319523905004 0.059845821708440786 6.7702937742759444e-05
leaf_weight=73 42 2603 33 1417 2186 21 26 106 1046 32 41 464 46 33 20 26 22 23 265 35 676 111 59 28 32 554 72 27 29 28
leaf_count=73 42 2603 33 1417 2186 21 26 106 1046 32 41 464 46 33 20 26 22 23 265 35 676 111 59 28 32 554 72 27 29 28
internal_value=0.000130577 -0.00268704 0.0913379 0.0214025 -0.0109591 0.143833 0.119731 0.0474206 -0.0186342 -0.00280065 0.0402768 0.0143138 0.139315 0.0755304 0.0107448 0.0351684 0.0394675 0.157091 0.0380493 0.0517022 -0.00346217 -0.00183911 -0.00264549 0.0162501 0.0362465 -0.0251703 0.0256404 0.0886204 0.0183212 0.0309886
internal_weight=10176 9872 304 2523 7349 149 128 539 3786 3563 155 1984 95 133 1520 103 54 69 406 141 3509 2833 2722 119 60 1600 113 100 77 57
internal_count=10176 9872 304 2523 7349 149 128 539 3786 3563 155 1984 95 133 1520 103 54 69 406 141 3509 2833 2722 119 60 1600 113 100 77 57
is_linear=0
shrinkage=0.05


Tree=5
num_leaves=31
num_cat=0
split_feature=2 8 2 8 8 3 1 8 3 7 13 7 2 3 0 0 12 3 12 10 7 1 12 12 3 0 12 8 7 1
split_gain=945.569 612.311 279.366 175.201 135.607 99.6216 99.2208 85.8282 43.4703 30.8955 29.8389 31.6024 27.978 27.9475 24.0275 31.1398 20.5352 19.2689 18.7097 29.4042 18.427 29.228 18.2898 18.265 17.5385 17.274 16.4332 15.7119 16.8162 14.5262
threshold=-14.999708873898156 2.6125000000000003 -144.59868900814726 5.5500000000000007 4.3166666666666673 111.12731456079997 1488.8742633236905 3.3166666666666669 376.44828642440831 1.1547619047619049 1.0000000180025095e-35 3.0500000000000003 -60.501488840248491 20.576005947185653 1456.2892575868443 1356.5342243784373 -3.4499999999999997 242.29214097647039 -2.464285714285714 0.38750000000000007 2.2928571428571431 1631.2971218512255 0.23611111111111119 -1.0499999999999996 233.05503751775737 1772.0684047054403 0.23611111111111119 2.1055555555555561 0.95000000000000007 1325.1703674706412
decision_type=2 2 2 2 2 2 2 2 2 2 2 2 2 2 2 2 2 2 2 2 2 2 2 2 2 2 2 2 2 2
left_child=1 2 8 6 5 13 9 18 16 23 12 26 -4 -2 15 -9 24 -7 -8 -20 22 -22 -18 -3 -1 27 -12 28 -15 -29
right_child=4 3 10 -5 -6 17 7 14 -10 -11 11 -13 -14 25 -16 -17 20 -19 19 -21 21 -23 -24 -25 -26 -27 -28 29 -30 -31
leaf_value=0.032216514315870075 -0.0030142927327310373 0.047823266947970677 0.0068212335889862559 0.2194876776564689 0.087219101475442165 -0.019572103548180727 0.09277820640649552 0.10439231885829942 0.081822177251944184 0.063457836886246996 0.013292648244430036 0.057375451157751833 -0.0051125218538800258 -0.018929443349919504 0.084771317526184276 0.1818860965616563 0.02996275333756189 -0.031472772802799899 0.0070947660197471759 0.070510750622661031 0.10357451027347929 0.038655612260595829 -0.016863043978810312 0.00085385226541095309 0.090247467060883838 0.010340153023429301 -0.0092541854362934838 -0.027346473173903568 -0.010220580395586636 0.013280182022565199
leaf_weight=26 1463 33 1086 20 33 1464 38 31 51 74 679 37 895 850 28 33 597 448 28 53 20 120 21 53 29 86 91 27 1608 102
leaf_count=26 1463 33 1086 20 33 1464 38 31 51 74 679 37 895 850 28 33 597 448 28 53 20 120 21 53 29 86 91 27 1608 102
internal_value=7.74623e-05 0.0188151 0.0124371 0.0782026 -0.0123815 -0.0129392 0.0700166 0.0925223 0.0372615 0.0399468 0.0047335 0.0128315 0.0014298 -0.00857265 0.12885 0.146534 0.034369 -0.0223755 0.0635973 0.048943 0.0321464 0.0485985 0.0283469 0.0192195 0.0638798 -0.0116126 0.0106195 -0.0123461 -0.0132387 0.00463198
internal_weight=10124 4043 3652 391 6081 6048 371 211 864 160 2788 807 1981 4136 92 64 813 1912 119 81 758 140 618 86 55 2673 770 2587 2458 129
internal_count=10124 4043 3652 391 6081 6048 371 211 864 160 2788 807 1981 4136 92 64 813 1912 119 81 758 140 618 86 55 2673 770 2587 2458 129
is_linear=0
shrinkage=0.05


Tree=6
num_leaves=31
num_cat=0
split_feature=2 8 2 8 8 3 1 8 3 7 13 7 2 3 6 7 0 0 12 13 12 3 7 10 0 9 12 3 12 9
split_gain=854.299 554.48 252.449 159.096 122.718 89.9208 89.882 77.7852 39.34 27.9016 26.9483 28.6181 25.4775 25.2257 23.2478 22.3928 22.2673 35.4536 18.6574 17.5425 20.3084 17.399 16.7913 30.7914 24.1126 16.7533 16.5356 15.8802 14.8393 13.6926
threshold=-14.999708873898156 2.6125000000000003 -144.59868900814726 5.5500000000000007 4.3166666666666673 111.12731456079997 1488.8742633236905 3.3166666666666669 376.44828642440831 1.1547619047619049 1.0000000180025095e-35 3.0500000000000003 -69.379646836106517 20.576005947185653 1.7638888888888891 1.2928571428571431 1450.7582638023321 1367.6232256802334 -3.4499999999999997 1.0000000180025095e-35 -2.7083333333333326 242.29214097647039 1.9500000000000002 0.31666666666666671 1461.7755250345294 1.1833333333333336 -1.0499999999999996 233.05503751775737 0.23611111111111119 0.58571428571428574
decision_type=2 2 2 2 2 2 2 2 2 2 2 2 2 2 2 2 2 2 2 2 2 2 2 2 2 2 2 2 2 2
left_child=1 2 8 6 5 13 9 19 18 26 12 28 29 -2 -15 -9 17 -17 27 20 -8 -7 -20 -24 -25 -22 -3 -1 -12 -4
right_child=4 3 10 -5 -6 21 7 15 -10 -11 11 -13 -14 14 -16 16 -18 -19 22 -21 25 -23 23 24 -26 -27 -28 -29 -30 -31
leaf_value=0.030665348415021543 -0.002863681611167318 0.045502433093155131 -0.0085082129301393746 0.20903588696604683 0.082986408680239154 -0.018594166825687569 0.078935043339927999 0.074414487803975735 0.077809743984387475 0.060327250142892197 0.012628993252840113 0.054582171808732184 -0.0039955975944602875 -0.014108992702294177 -0.0039607201066909573 0.10453125752974302 0.0871733984825286 0.19961296205337231 0.025728377183406939 0.088178732171654714 0.052500587276050031 -0.029902639844037911 0.027399466072555879 0.10826114541292192 0.047587043716240743 -0.0042641200721263888 0.00081194963444162311 0.085885505229234702 -0.0087965057484562636 0.0096598733604100224
leaf_weight=26 1463 33 118 20 33 1464 29 23 51 74 679 37 1047 1862 811 23 21 25 540 39 27 448 136 24 58 24 53 29 91 816
leaf_count=26 1463 33 118 20 33 1464 29 23 51 74 679 37 1047 1862 811 23 21 25 540 39 27 448 136 24 58 24 53 29 91 816
internal_value=7.99892e-05 0.0178904 0.0118211 0.0744038 -0.0117624 -0.012293 0.0666036 0.0880239 0.0354192 0.0379843 0.00449796 0.0121938 0.00135835 -0.00814445 -0.0110326 0.122607 0.137379 0.157116 0.0326677 0.0604885 0.0460675 -0.0212581 0.0305493 0.0423191 0.0664357 0.0262195 0.0182865 0.0607952 0.0100888 0.0073579
internal_weight=10124 4043 3652 391 6081 6048 371 211 864 160 2788 807 1981 4136 2673 92 69 48 813 119 80 1912 758 218 82 51 86 55 770 934
internal_count=10124 4043 3652 391 6081 6048 371 211 864 160 2788 807 1981 4136 2673 92 69 48 813 119 80 1912 758 218 82 51 86 55 770 934
is_linear=0
shrinkage=0.05


Tree=7
num_leaves=31
num_cat=0
split_feature=2 8 2 8 8 1 3 8 3 0 7 7 13 7 2 7 0 0 12 13 12 7 1 12 6 2 3 9 12 3
split_gain=771.984 502.455 228.181 144.421 111.49 81.5575 79.0094 70.5884 35.5957 30.151 25.6872 25.1977 24.3383 25.9155 23.1256 20.293 20.1581 32.1866 16.9462 15.8553 18.3906 15.4113 25.7176 16.4998 15.3908 15.2392 15.1827 15.1773 14.97 14.3787
threshold=-14.999708873898156 2.6125000000000003 -144.59868900814726 5.5500000000000007 3.2678571428571432 1488.8742633236905 111.12731456079997 3.3166666666666669 376.44828642440831 1463.8685767544978 1.2361111111111114 1.1547619047619049 1.0000000180025095e-35 3.0500000000000003 -60.501488840248491 1.2928571428571431 1450.7582638023321 1356.5342243784373 -3.4499999999999997 1.0000000180025095e-35 -2.7083333333333326 2.2928571428571431 1631.2971218512255 0.23611111111111119 0.38750000000000007 -0.68873542059088766 242.29214097647039 1.1833333333333336 -1.0499999999999996 233.05503751775737
decision_type=2 2 2 2 2 2 2 2 2 2 2 2 2 2 2 2 2 2 2 2 2 2 2 2 2 2 2 2 2 2
left_child=1 2 8 5 6 11 10 19 18 -6 25 28 14 -14 -4 -9 17 -17 29 20 -7 23 -23 -20 -16 -2 -8 -22 -3 -1
right_child=4 3 12 -5 9 7 26 15 -10 -11 -12 -13 13 -15 24 16 -18 -19 21 -21 27 22 -24 -25 -26 -27 -28 -29 -30 -31
leaf_value=0.029188868458624243 -0.00079002496218535966 0.043294225589317441 0.0061920238564539751 0.19908179786233676 0.019523340983446255 0.07511984908332428 -0.017842796446898124 0.070848795383547755 0.073994074016809464 0.082986525785444049 -0.0036145736291063103 0.057351105709870655 0.0095845741910760909 0.051924881417500346 0.036663632552054799 0.097549127981714584 0.083012848127294675 0.18834556098337529 0.027097900403682207 0.08388001941144467 0.049969308557254927 0.09560490662143345 0.034770821638343746 -0.017339638485149904 -0.0056912358926875257 -0.013140785943202844 -0.028410837912562832 -0.0040594424009323124 0.00077210421915407544 0.081734373569488539
leaf_weight=26 286 33 1086 20 42 29 1462 23 51 34 1832 74 770 37 21 22 21 26 597 39 27 20 120 21 874 1977 448 24 53 29
leaf_count=26 286 33 1086 20 42 29 1462 23 51 34 1832 74 770 37 21 22 21 26 597 39 27 20 120 21 874 1977 448 24 53 29
internal_value=8.32454e-05 0.0170139 0.0112363 0.0708107 -0.0111741 0.0633793 -0.0119389 0.0837833 0.0336715 0.0486238 -0.00801873 0.0361182 0.00427406 0.0115877 0.00129036 0.116727 0.130789 0.149571 0.0310543 0.0575538 0.0438426 0.0290356 0.0440778 0.0255623 -0.00465762 -0.0115809 -0.0203352 0.0249549 0.0173988 0.0578595
internal_weight=10124 4043 3652 391 6081 371 6005 211 864 76 4095 160 2788 807 1981 92 69 48 813 119 80 758 140 618 895 2263 1910 51 86 55
internal_count=10124 4043 3652 391 6081 371 6005 211 864 76 4095 160 2788 807 1981 92 69 48 813 119 80 758 140 618 895 2263 1910 51 86 55
is_linear=0
shrinkage=0.05


Tree=8
num_leaves=31
num_cat=0
split_feature=2 8 2 13 8 8 3 1 7 8 3 3 1 13 7 2 6 8 3 1 8 8 7 0 13 9 6 12 6 9
split_gain=697.58 455.307 206.185 132.408 149.388 103.786 75.1545 61.1406 47.7726 42.836 32.2136 24.4356 22.8142 21.9782 23.4677 21.0549 17.6927 32.7087 17.1695 16.8519 16.0221 19.9634 15.6035 37.796 23.8306 15.5662 13.6546 13.3976 12.8072 12.362
threshold=-14.999708873898156 2.6125000000000003 -144.59868900814726 1.0000000180025095e-35 5.0500000000000007 4.3166666666666673 59.759750420127951 1484.5325758352722 1.2928571428571431 3.8166666666666669 376.44828642440831 205.65381226572291 1623.5940886423559 1.0000000180025095e-35 3.0500000000000003 -69.379646836106517 1.7071428571428573 2.183333333333334 8.5351490774547774 1443.7617289467901 3.2678571428571432 3.9500000000000006 1.6833333333333336 1426.0874220624939 1.0000000180025095e-35 1.5634920634920637 0.29285714285714287 0.23611111111111119 1.6833333333333336 0.58571428571428574
decision_type=2 2 2 2 2 2 2 2 2 2 2 2 2 2 2 2 2 2 2 2 2 2 2 2 2 2 2 2 2 2
left_child=1 2 10 8 7 6 16 19 25 12 22 -8 -10 15 27 29 18 -18 -2 -5 -9 -22 28 24 -24 26 -3 -15 -1 -4
right_child=5 3 13 4 -6 -7 11 20 9 -11 -12 -13 -14 14 -16 -17 17 -19 -20 -21 21 -23 23 -25 -26 -27 -28 -29 -30 -31
leaf_value=0.020456545281995753 -0.00034643336199223994 0.061582963851590955 -0.0083933766493025953 0.069246969813549969 0.22408571311018688 0.076518420738113282 -0.014148823436399657 0.080799304191023116 0.033083741493413553 0.11246717693284154 0.070365518030638882 -0.025114549652445972 0.092306926305450149 0.011519948163015001 0.04939695977066693 -0.0036403299021385326 -6.4872692220417419e-05 0.063321036614832432 -0.010225422475422911 0.014190773858178046 0.16005296135942143 0.086081007520922209 0.048359096368153894 0.027610504936829611 0.10658848851919174 -0.0051268886698752035 0.0067061417452667074 -0.0088354806921890263 0.057648686051368719 0.0088682489129948347
leaf_weight=396 619 23 118 26 21 33 2596 39 84 31 51 634 20 679 37 1047 660 20 1519 30 26 21 74 295 24 48 22 91 24 816
leaf_count=396 619 23 118 26 21 33 2596 39 84 31 51 634 20 679 37 1047 660 20 1519 30 26 21 74 295 24 48 22 91 24 816
internal_value=8.60342e-05 0.0161801 0.0106803 0.0673908 0.101748 -0.0106151 -0.0111031 0.0822152 0.0424914 0.0613935 0.0320067 -0.0163083 0.0452435 0.00406213 0.0110121 0.00122678 -0.00513323 0.00188966 -0.00736673 0.040519 0.108588 0.129484 0.029517 0.0367116 0.063552 0.0146916 0.0354833 0.00910597 0.0227137 0.0066808
internal_weight=10124 4043 3652 391 163 6081 6048 142 228 135 864 3230 104 2788 807 1981 2818 680 2138 56 86 47 813 393 98 93 45 770 420 934
internal_count=10124 4043 3652 391 163 6081 6048 142 228 135 864 3230 104 2788 807 1981 2818 680 2138 56 86 47 813 393 98 93 45 770 420 934
is_linear=0
shrinkage=0.05


Tree=9
num_leaves=31
num_cat=0
split_feature=2 2 6 12 13 6 3 1 3 2 3 6 13 0 1 3 6 12 1 7 12 12 7 9 9 9 5 4 9 5
split_gain=630.334 207.476 133.442 98.0199 85.6245 82.0349 81.8093 56.631 49.138 31.9471 28.0091 28.7458 22.1655 31.706 72.0153 22.0433 21.4979 18.6581 18.4578 26.7714 17.4847 16.9809 16.7279 15.9915 20.6288 13.3421 23.1759 25.0883 16.4292 26.7853
threshold=-14.999708873898156 -191.06705678312832 0.18333333333333338 -4.7499999999999991 1.0000000180025095e-35 0.38750000000000007 59.759750420127951 1490.5667968720809 376.44828642440831 -69.379646836106517 147.13266049467475 1.0500000000000003 1.0000000180025095e-35 1485.005429015665 1472.3214691149929 233.05503751775737 2.1547619047619051 -2.0833333333333326 1638.7158144473863 2.3875000000000006 -2.7083333333333326 0.23611111111111119 0.86607142857142871 1.788888888888889 0.68333333333333346 0.95000000000000007 0.29285714285714287 0.38750000000000007 1.3875000000000002 0.31666666666666671
decision_type=2 2 2 2 2 2 2 2 2 2 2 2 2 2 2 2 2 2 2 2 2 2 2 2 2 2 2 2 2 2
left_child=1 8 7 -4 9 -6 12 -3 18 17 16 -12 20 14 -14 -8 21 -5 19 23 -2 25 -22 24 -1 -7 -27 28 -28 -30
right_child=6 2 3 4 5 10 15 -9 -10 -11 11 -13 13 -15 -16 -17 -18 -19 -20 -21 22 -23 -24 -25 -26 26 27 -29 29 -31
leaf_value=0.0088226446373896161 0.030947599553813539 0.022838024014518375 0.081885820189895847 0.02875341643889745 0.10214945497612159 0.0075183277226690401 -0.013784703364557952 0.13143999230815098 0.08189633290150336 -0.0031473104215171983 0.023727173188276458 0.085045141230026877 0.0074143931852641374 -0.0027094558259994879 0.08968709656187604 -0.025380829826366802 0.040187270187307153 0.0067242799664562845 0.028514045001876438 0.099338808542360435 -0.015333152230837744 -0.0075759127363562578 -0.0047113682769644866 -0.00087221307413918626 0.05289296138292069 -0.00088631488868723743 0.024997552690293755 0.0060607898281887177 0.089392128812544269 0.032655474886534711
leaf_weight=32 29 20 45 104 29 303 2751 31 69 1081 56 29 189 702 30 483 79 1157 297 22 505 89 1392 20 169 91 131 95 32 62
leaf_count=32 29 20 45 104 29 303 2751 31 69 1081 56 29 189 702 30 483 79 1157 297 22 505 89 1392 20 169 91 131 95 32 62
internal_value=8.86726e-05 0.0153873 0.0106105 0.00938576 0.00838414 0.0206562 -0.0100836 0.0901092 0.0422612 0.00315853 0.0181092 0.0453931 -0.00390056 0.00247753 0.0190411 -0.0155239 0.0154314 0.00856246 0.0370547 0.0473337 -0.00695022 0.0129489 -0.00754558 0.0417326 0.0459552 0.0155144 0.0213767 0.0276908 0.0367562 0.0527077
internal_weight=10124 4043 3434 3383 3338 996 6081 51 609 2342 967 85 2847 921 219 3234 882 1261 540 243 1926 803 1897 221 201 714 411 320 225 94
internal_count=10124 4043 3434 3383 3338 996 6081 51 609 2342 967 85 2847 921 219 3234 882 1261 540 243 1926 803 1897 221 201 714 411 320 225 94
is_linear=0
shrinkage=0.05


Tree=10
num_leaves=31
num_cat=0
split_feature=8 2 8 3 12 2 7 4 7 8 4 0 13 3 0 13 9 13 12 9 0 7 5 8 10 13 12 7 1 0
split_gain=674.86 394.217 190.731 135.313 116.387 59.0478 46.509 39.4576 37.2252 31.6903 38.7883 30.2606 26.7352 34.8223 24.4015 20.5895 18.6808 18.4223 28.635 17.7606 16.3206 15.6421 15.5107 15.2892 14.1306 13.9797 13.9359 13.7156 13.6006 12.8858
threshold=3.1214285714285719 1.0000000180025095e-35 5.7500000000000009 145.41660613625689 -2.9374999999999996 127.77148353154793 2.183333333333334 0.2678571428571429 3.1055555555555561 2.8166666666666669 0.15476190476190479 1350.8401365852212 1.0000000180025095e-35 23.847737468611289 1361.6692402498768 1.0000000180025095e-35 2.0500000000000003 1.0000000180025095e-35 -2.464285714285714 1.2928571428571431 1580.5129880559546 1.7321428571428574 0.84523809523809534 1.3166666666666669 0.58571428571428574 1.0000000180025095e-35 -1.5277777777777775 1.6833333333333336 1633.0284382676816 1427.5595768114692
decision_type=2 2 2 2 2 2 2 2 2 2 2 2 2 2 2 2 2 2 2 2 2 2 2 2 2 2 2 2 2 2
left_child=1 3 4 8 6 25 11 12 9 15 -11 -2 29 -14 19 21 -15 18 -16 -5 22 26 23 -10 -17 28 -1 -19 -3 -6
right_child=2 5 -4 14 7 -7 -8 -9 20 10 -12 -13 13 16 17 24 -18 27 -20 -21 -22 -23 -24 -25 -26 -27 -28 -29 -30 -31
leaf_value=0.009733355635156234 0.043591777212917807 -0.011279173160164102 0.21526200439442289 0.049052232772586232 0.024553930120089572 -0.019544591086509785 0.17874641686000609 0.092184411821996465 0.030468190150956316 0.0091183817169318612 0.086430761307477955 0.12229474436106354 0.00074754697270691401 0.095725166993970823 0.043570096069612568 0.010381031284252039 0.037414226394433245 0.019952014721419716 0.010499779820943682 0.022182135495933751 0.0024295268099634882 0.0071162613326789543 0.012597669392824175 0.087967031794013814 -0.012222585890442134 -0.0036953579273454012 -0.0037894389161295229 0.050861207670287081 0.002584403877335717 -0.018432522170326631
leaf_weight=215 24 2341 21 160 73 1622 21 33 23 47 24 28 23 36 77 909 25 72 415 104 30 597 24 26 74 1210 1616 75 191 22
leaf_count=215 24 2341 21 160 73 1622 21 33 23 47 24 28 23 36 77 909 25 72 415 104 30 597 24 26 74 1210 1616 75 191 22
internal_value=-0.000155608 -0.00243024 0.0728482 0.00850309 0.0616385 -0.0115779 0.115794 0.0425345 0.00414264 0.00326124 0.0360896 0.0874782 0.0329199 0.053324 0.0257908 0.00256754 0.0728161 0.0204505 0.0157533 0.0385907 0.0336212 9.48565e-05 0.0462336 0.0621269 0.00866874 -0.00812041 -0.00219712 0.0359591 -0.0102328 0.0145109
internal_weight=10158 9852 306 4488 285 5364 73 212 3585 3482 71 52 179 84 903 3411 61 639 492 264 103 2428 73 49 983 3742 1831 147 2532 95
internal_count=10158 9852 306 4488 285 5364 73 212 3585 3482 71 52 179 84 903 3411 61 639 492 264 103 2428 73 49 983 3742 1831 147 2532 95
is_linear=0
shrinkage=0.05


Tree=11
num_leaves=31
num_cat=0
split_feature=8 2 8 3 12 2 7 4 7 8 4 0 13 3 2 13 0 7 13 7 1 12 1 0 6 8 12 7 5 8
split_gain=611.226 355.973 173.055 122.209 105.58 53.2949 42.2239 35.7333 33.7419 28.7195 35.1626 27.3994 24.2281 31.5244 22.3987 18.5804 16.9312 25.948 16.6785 27.039 18.5499 16.4294 18.958 14.7893 14.2851 24.8582 16.2271 14.119 14.0539 13.8483
threshold=3.1214285714285719 1.0000000180025095e-35 5.7500000000000009 145.41660613625689 -2.9374999999999996 127.77148353154793 2.183333333333334 0.2678571428571429 3.1055555555555561 2.8166666666666669 0.15476190476190479 1350.8401365852212 1.0000000180025095e-35 23.847737468611289 -258.59218144839878 1.0000000180025095e-35 1356.5342243784373 2.183333333333334 1.0000000180025095e-35 1.6833333333333336 1623.5940886423559 -2.464285714285714 1505.4127281164599 1580.5129880559546 2.183333333333334 1.3875000000000002 0.23611111111111119 1.788888888888889 0.84523809523809534 1.3166666666666669
decision_type=2 2 2 2 2 2 2 2 2 2 2 2 2 2 2 2 2 2 2 2 2 2 2 2 2 2 2 2 2 2
left_child=1 3 4 8 6 -3 11 12 9 15 -11 -2 -6 -14 16 27 -5 -18 21 -20 -21 -16 -23 28 26 -26 -17 -1 29 -10
right_child=2 5 -4 14 7 -7 -8 -9 23 10 -12 -13 13 -15 18 24 17 -19 19 20 -22 22 -24 -25 25 -27 -28 -29 -30 -31
leaf_value=-0.0020702403331456011 0.041499372258782391 -0.0077145554244592756 0.20498813207853928 0.050758872061922422 0.013788507927771813 -0.018567963371894571 0.17021533873948186 0.087710756655125066 0.029008255992084744 0.0086719604519506291 0.082282084584236151 0.11639086016100542 0.00071172681637108335 0.06928270921531704 0.039696672943731151 0.0091503122045933829 0.0031183298169211908 0.052892465957186441 0.015733901521947126 0.09026441190105218 0.036877489118621896 0.045999896445789855 0.0085485788880299684 0.0023119688154228271 0.01028455979935825 0.075570809202534825 -0.010514568927705534 0.0068133858481639539 0.011992981612682342 0.083731581381073714
leaf_weight=1838 24 3742 21 122 95 1622 21 33 23 47 24 28 23 61 59 794 65 43 100 25 51 36 402 30 49 20 120 590 24 26
leaf_count=1838 24 3742 21 122 95 1622 21 33 23 47 24 28 23 61 59 794 65 43 100 25 51 36 402 30 49 20 120 590 24 26
internal_value=-0.000141939 -0.00230668 0.0693347 0.00808279 0.0586574 -0.0109993 0.110237 0.0404623 0.00393886 0.00309971 0.0343515 0.0832607 0.0313128 0.0507366 0.0245121 0.00243933 0.0379932 0.0232393 0.0198553 0.0330713 0.0553832 0.0151182 0.0117245 0.0320043 0.00823521 0.0300174 0.00655982 9.03825e-05 0.0440105 0.059139
internal_weight=10158 9852 306 4488 285 5364 73 212 3585 3482 71 52 179 84 903 3411 230 108 673 176 76 497 438 103 983 69 914 2428 73 49
internal_count=10158 9852 306 4488 285 5364 73 212 3585 3482 71 52 179 84 903 3411 230 108 673 176 76 497 438 103 983 69 914 2428 73 49
is_linear=0
shrinkage=0.05


Tree=12
num_leaves=31
num_cat=0
split_feature=8 2 8 3 7 8 2 2 8 4 4 2 13 7 2 4 6 6 0 7 13 7 1 1 1 5 8 5 13 13
split_gain=553.441 321.767 157.038 108.247 81.8123 55.2653 49.8619 32.998 31.4105 56.3679 22.1599 20.2276 19.9228 18.6736 18.3859 16.2717 27.4288 15.4303 15.2736 23.4753 15.1072 24.5002 16.8352 14.4289 14.1083 13.5004 13.3628 13.3554 13.2895 12.5372
threshold=3.1214285714285719 -0.68873542059088766 5.7500000000000009 145.41660613625689 1.5857142857142861 3.9500000000000006 127.77148353154793 -106.99915256916243 2.2111111111111117 0.31666666666666671 0.2678571428571429 -258.59218144839878 1.0000000180025095e-35 1.7321428571428574 -19.003102688937357 0.13392857142857145 0.81666666666666676 2.1547619047619051 1356.5342243784373 2.183333333333334 1.0000000180025095e-35 1.6833333333333336 1623.5940886423559 1472.3214691149929 1505.4127281164599 0.58571428571428574 1.788888888888889 0.31666666666666671 1.0000000180025095e-35 1.0000000180025095e-35
decision_type=2 2 2 2 2 2 2 2 2 2 2 2 2 2 2 2 2 2 2 2 2 2 2 2 2 2 2 2 2 2
left_child=1 3 4 8 10 7 29 -6 12 15 14 18 13 -1 28 23 -17 -14 26 -20 24 -22 -23 -10 -13 -19 -5 -25 -2 -3
right_child=2 6 -4 11 5 -7 -8 -9 9 -11 -12 20 17 -15 -16 16 -18 25 19 -21 21 22 -24 27 -26 -27 -28 -29 -30 -31
leaf_value=-0.0028406522270086466 0.026297996670473368 -0.0091573067944109906 0.19520460884510116 0.020789341035831188 0.095454832454842917 0.13769724119572457 -0.017640136997373251 0.019687262999600379 -0.013932932704385068 0.091585989654064184 0.081321030606826161 0.042905617207288749 0.0065536643775090872 0.0073440757668870524 0.0065096137098084074 0.06532602236239296 0.011341571612831426 0.057396371376567661 0.002964775727102251 0.050307947363365781 0.014954995150023168 0.085924776127705216 0.035069073564731157 0.049998465823856274 0.011853850898708265 0.014727945600525809 0.05849533966530554 0.0028870660811662675 0.062903319316154171 -0.0030448960467050869
leaf_weight=1648 63 2597 21 34 30 40 1622 28 73 24 23 39 856 618 58 32 84 27 65 43 100 25 51 21 458 58 88 48 43 1241
leaf_count=1648 63 2597 21 34 30 40 1622 28 73 24 23 39 856 618 58 32 84 27 65 43 100 25 51 21 458 58 88 48 43 1241
internal_value=-0.000128299 -0.00218818 0.0659828 0.00788579 0.0558119 0.092683 -0.0102916 0.059831 0.00388943 0.0198581 0.0360989 0.0233055 0.00247952 -6.09848e-05 0.0293023 0.0128579 0.0266649 0.0085908 0.0361166 0.022103 0.0188802 0.0314581 0.0526966 0.0014713 0.0143718 0.0287912 0.0482416 0.0177347 0.0415964 -0.00718219
internal_weight=10158 9852 306 4392 285 98 5460 58 3489 282 187 903 3207 2266 164 258 116 941 230 108 673 176 76 142 497 85 122 69 106 3838
internal_count=10158 9852 306 4392 285 98 5460 58 3489 282 187 903 3207 2266 164 258 116 941 230 108 673 176 76 142 497 85 122 69 106 3838
is_linear=0
shrinkage=0.05


Tree=13
num_leaves=31
num_cat=0
split_feature=8 2 8 3 12 2 4 12 13 8 4 1 13 3 2 9 6 1 6 0 13 6 12 1 12 0 0 2 9 1
split_gain=501.007 290.801 142.52 99.7566 91.0158 43.3512 30.9543 29.4799 26.7475 24.1656 35.8427 23.2596 20.9856 26.6538 18.2879 16.8387 16.5859 14.7767 14.2768 13.7926 13.6899 19.6046 14.931 15.7595 13.2099 13.8844 13.1126 12.9037 18.9373 13.1207
threshold=3.1214285714285719 1.0000000180025095e-35 5.7500000000000009 145.41660613625689 -2.9374999999999996 127.77148353154793 0.2678571428571429 -3.4499999999999997 1.0000000180025095e-35 2.3166666666666669 0.11805555555555557 1484.5325758352722 1.0000000180025095e-35 23.847737468611289 -258.59218144839878 2.0500000000000003 2.1547619047619051 1538.6346007484519 0.18333333333333338 1356.5342243784373 1.0000000180025095e-35 0.78888888888888908 -2.464285714285714 1505.4127281164599 -2.6333333333333324 1461.7755250345294 1331.700548447943 -59.024409548153351 0.58571428571428574 1706.1904676404736
decision_type=2 2 2 2 2 2 2 2 2 2 2 2 2 2 2 2 2 2 2 2 2 2 2 2 2 2 2 2 2 2
left_child=1 3 4 7 11 -3 12 -1 18 16 -11 -2 -6 -14 19 -15 -10 -18 -9 -5 22 -22 -16 -24 -21 -26 -25 28 -20 -30
right_child=2 5 -4 14 6 -7 -8 8 9 10 -12 -13 13 15 20 -17 17 -19 27 24 21 -23 23 26 25 -27 -28 -29 29 -31
leaf_value=0.038929945391056868 0.061648376554186493 -0.0069699857506703286 0.18588802912695843 0.045861713053673751 0.011420271995787819 -0.016758673948661016 0.0801654051989317 0.041216868295201235 0.0056355967596000821 -0.0029976728558540346 0.070713120796962792 0.12357459735611212 -0.00018091094680130484 0.084483957763861972 0.037084476200398057 0.029608519203387775 0.065089920198633563 0.016678434842522596 -0.01404834416215167 0.049980420593557687 0.0082042722114876142 0.04276393917766777 0.041674762158780493 -0.030055633187294008 -0.0088813526174900213 0.032441436852279466 0.0096759486290094749 -0.0035056248045511138 0.0043289125055630826 0.024663819449728935
leaf_weight=57 28 3742 21 122 95 1622 33 20 890 29 37 45 23 36 59 25 20 68 131 28 66 110 36 21 43 37 381 1337 910 86
leaf_count=57 28 3742 21 122 95 1622 33 20 890 29 37 45 23 36 59 25 20 68 131 28 66 110 36 21 43 37 381 1337 910 86
internal_value=-0.000115934 -0.0020758 0.0627854 0.00731457 0.0530965 -0.00993252 0.0362129 0.0035706 0.00298845 0.0096997 0.0387637 0.100976 0.0277096 0.045781 0.0221581 0.0628343 0.00770073 0.0282888 0.000165005 0.0343395 0.0179503 0.0299236 0.0136587 0.0104259 0.0210223 0.010395 0.00753099 -0.000184793 0.00375444 0.00610771
internal_weight=10158 9852 306 4488 285 5364 212 3585 3528 1044 66 73 179 84 903 61 978 88 2484 230 673 176 497 438 108 80 402 2464 1127 996
internal_count=10158 9852 306 4488 285 5364 212 3585 3528 1044 66 73 179 84 903 61 978 88 2484 230 673 176 497 438 108 80 402 2464 1127 996
is_linear=0
shrinkage=0.05


Tree=14
num_leaves=31
num_cat=0
split_feature=8 2 8 3 12 2 7 7 4 0 12 8 0 8 2 1 10 3 5 10 5 1 0 5 0 7 8 8 8 2
split_gain=453.504 262.64 129.351 88.3562 82.347 40.5926 35.7167 28.682 28.0297 24.9579 24.4627 18.6262 21.327 20.0654 16.5426 15.577 15.2932 13.5807 12.9573 14.593 18.7114 25.1498 12.9563 12.7546 12.4307 20.158 12.3846 12.1132 12.045 11.5449
threshold=3.1214285714285719 -0.68873542059088766 5.7500000000000009 145.41660613625689 -2.9374999999999996 127.77148353154793 2.183333333333334 3.1055555555555561 0.2678571428571429 1350.8401365852212 -3.4499999999999997 1.2361111111111114 1476.8722449917884 2.0500000000000003 -258.59218144839878 1577.6333270863868 0.43650793650793657 49.317470363122659 0.29285714285714287 0.31666666666666671 0.31666666666666671 1503.4290376951919 1580.5129880559546 0.84523809523809534 1356.5342243784373 2.183333333333334 0.61250000000000016 1.788888888888889 1.3166666666666669 -33.979294144609177
decision_type=2 2 2 2 2 2 2 2 2 2 2 2 2 2 2 2 2 2 2 2 2 2 2 2 2 2 2 2 2 2
left_child=1 3 4 7 6 26 9 10 18 -2 -1 17 29 16 24 -15 -14 -12 -6 -20 -21 -22 23 28 27 -26 -3 -5 -9 -13
right_child=2 5 -4 14 8 -7 -8 22 -10 -11 11 12 13 15 -16 -17 -18 -19 19 20 21 -23 -24 -25 25 -27 -28 -29 -30 -31
leaf_value=0.035205937399153127 0.032061217106878759 -0.013112759412384829 0.17701609615575187 0.017552004465168077 0.01216011619430849 -0.015921256377677894 0.15099063380198047 0.026936532836407425 0.076275024745572254 0.10291584609397526 -0.0066598633919816843 0.0042697356275226252 0.012771132655238085 0.055006722485025729 0.017060903116275807 0.0018771540550958543 -0.0081116723236986082 0.0028832563036025878 0.0053387409448623661 0.088119701263697253 -0.0072323260180976083 0.065107843854751143 0.0016139295132410144 0.01018637353181839 0.0022780125593823016 0.046140548417514027 -0.0052656907907564724 0.053336113989039251 0.077962320325551213 -0.0071906937048801332
leaf_weight=56 24 595 21 34 86 1622 21 23 33 28 760 806 566 44 673 20 103 730 24 22 22 25 30 24 65 43 3243 88 26 301
leaf_count=56 24 595 21 34 86 1622 21 23 33 28 760 806 566 44 673 20 103 730 24 22 22 25 30 24 65 43 3243 88 26 301
internal_value=-0.000105076 -0.00196972 0.0597401 0.00713172 0.05051 -0.00929085 0.0960525 0.00352115 0.0344505 0.0714357 0.00272591 0.0021693 0.0055331 0.0121422 0.0210628 0.038688 0.00954868 -0.00198558 0.026359 0.03922 0.0507602 0.0318013 0.0293861 0.0406232 0.0326483 0.0200049 -0.00648531 0.0435873 0.0550292 0.0011499
internal_weight=10158 9852 306 4392 285 5460 73 3489 212 52 3386 3330 1840 733 903 64 669 1490 179 93 69 47 103 73 230 108 3838 122 49 1107
internal_count=10158 9852 306 4392 285 5460 73 3489 212 52 3386 3330 1840 733 903 64 669 1490 179 93 69 47 103 73 230 108 3838 122 49 1107
is_linear=0
shrinkage=0.05


Tree=15
num_leaves=31
num_cat=0
split_feature=8 2 1 8 3 2 4 2 12 13 8 4 12 1 10 10 0 0 1 9 9 1 8 6 2 5 10 6 5 0
split_gain=330.917 246.352 115.88 98.8145 70.9572 60.6449 48.5922 45.1726 26.6402 24.8219 22.2793 24.8115 20.2189 19.8643 19.4901 18.4533 17.4931 16.5524 27.8902 37.2631 16.401 14.5743 19.0325 16.4412 12.7307 12.4488 22.7346 15.3316 12.1633 12.0653
threshold=3.1214285714285719 -59.024409548153351 1473.0978818138753 5.3166666666666673 63.98439887459984 -227.29344985032478 0.2678571428571429 -121.27216588839597 -1.9374999999999998 1.0000000180025095e-35 2.2111111111111117 0.31666666666666671 -3.7083333333333326 1534.2011740730325 0.35416666666666669 0.43650793650793657 1338.8053971570059 1350.8401365852212 1442.152844065341 2.2928571428571431 0.58571428571428574 1446.2785375803298 1.6125000000000003 1.2361111111111114 -40.107676401540054 0.38750000000000007 0.38750000000000007 0.78888888888888908 0.68333333333333346 1401.8818959920866
decision_type=2 2 2 2 2 2 2 2 2 2 2 2 2 2 2 2 2 2 2 2 2 2 2 2 2 2 2 2 2 2
left_child=1 5 17 6 10 12 7 16 20 -9 -3 24 -1 -6 -10 21 -4 -2 19 -19 -7 -16 -23 -24 -12 -14 -27 -28 29 -22
right_child=2 4 3 -5 13 8 -8 9 14 -11 11 -13 25 -15 15 -17 -18 18 -20 -21 28 22 23 -25 -26 26 27 -29 -30 -31
leaf_value=0.062568012530834452 0.0015090681951154363 -0.0028287706168018396 0.055061302418735893 0.18120528100566433 -0.014168507844919288 -0.0058907020992288988 0.12997281053879609 -0.025126343254338615 0.00085058282345924102 0.044007557944860311 0.032469246183571061 0.052408215303576616 0.0016799144129353493 -0.0048110878685478139 -0.02008215881370265 -0.00183034817482664 0.11595727503299713 0.098708499664509744 -0.00080443825443378761 0.017654950846917927 0.03995714152037208 0.010473911575148523 0.019018773108043455 0.047499812782219014 0.00047160925175778053 0.019478808491857666 0.076590688961247599 0.033548438039265181 0.050563584181458454 0.015206764189308972
leaf_weight=45 65 3982 32 21 2343 47 23 21 838 31 37 33 43 750 28 212 22 26 35 31 66 496 175 72 171 164 35 56 42 196
leaf_count=45 65 3982 32 21 2343 47 23 21 838 31 37 33 43 750 28 212 22 26 35 31 66 496 175 72 171 164 35 56 42 196
internal_value=9.00927e-05 -0.00150861 0.0511237 0.0824196 -0.00614928 0.0119879 0.0650681 0.0499019 0.00889372 0.0161408 -0.00193422 0.0127968 0.0314988 -0.0119018 0.00645539 0.0112277 0.081528 0.0208907 0.0344207 0.0556912 0.0214896 0.014816 0.0161564 0.027479 0.00629162 0.0266135 0.030795 0.0507557 0.0257282 0.0215698
internal_weight=10138 9831 307 150 7316 2515 129 106 2172 52 4223 241 343 3093 1821 983 54 157 92 57 351 771 743 247 208 298 255 91 304 262
internal_count=10138 9831 307 150 7316 2515 129 106 2172 52 4223 241 343 3093 1821 983 54 157 92 57 351 771 743 247 208 298 255 91 304 262
is_linear=0
shrinkage=0.05


Tree=16
num_leaves=31
num_cat=0
split_feature=8 2 1 8 3 2 4 2 7 12 13 12 1 10 7 8 13 8 6 7 8 1 6 0 10 0 3 1 5 10
split_gain=299.827 222.501 105.043 89.65 64.0563 54.8575 44.0658 40.9497 24.4048 24.0983 22.4879 18.2971 17.9274 17.6882 20.8164 20.4558 17.0859 19.8453 18.4741 16.9679 17.6092 26.2815 16.5683 15.884 15.1868 14.8255 12.7004 11.7835 11.2541 20.5932
threshold=3.1214285714285719 -59.024409548153351 1473.0978818138753 5.3166666666666673 63.98439887459984 -227.29344985032478 0.2678571428571429 -121.27216588839597 3.1714285714285722 -1.8285714285714281 1.0000000180025095e-35 -3.7083333333333326 1534.2011740730325 0.35416666666666669 0.89444444444444449 1.6125000000000003 1.0000000180025095e-35 2.2678571428571432 1.3541666666666667 0.89444444444444449 4.354166666666667 1442.152844065341 0.95000000000000007 1338.8053971570059 0.43650793650793657 1772.0684047054403 22.714947821152695 1538.6346007484519 0.38750000000000007 0.38750000000000007
decision_type=2 2 2 2 2 2 2 2 2 2 2 2 2 2 2 2 2 2 2 2 2 2 2 2 2 2 2 2 2 2
left_child=1 5 19 6 8 11 7 23 16 -7 -9 -1 -6 -11 -15 -16 25 -18 22 -2 21 -21 -19 -4 -17 -3 -10 -26 -13 -30
right_child=2 4 3 -5 12 9 -8 10 26 13 -12 28 -14 14 15 24 17 18 -20 20 -22 -23 -24 -25 27 -27 -28 -29 29 -31
leaf_value=0.059507620674760446 -0.00023397807963192465 -0.0049295505955862318 0.052391663549298598 0.17255684928121895 -0.013460384761200823 0.020392044317924372 0.12374494797550142 -0.023927130854942583 0.049183920076624921 0.000776979810109845 0.041875941911712289 0.0015978269533000211 -0.0045708537632590173 -0.013329641736415496 0.0077719547700334859 0.029619008341730941 0.00081146897552631541 0.032585826331611584 0.054452109739513081 0.042474347315728668 0.063538271811557939 -0.02302721080183983 -0.025189322071230931 0.11041149250839069 0.022647237245525635 0.026118314513363518 0.0088271015696227556 -0.023647087646855247 0.018510770643073503 0.048277787606069905
leaf_weight=45 63 2831 32 21 2343 353 23 21 32 836 31 43 750 82 620 228 1192 26 33 39 31 24 22 22 27 38 49 26 164 91
leaf_count=45 63 2831 32 21 2343 353 23 21 32 836 31 43 750 82 620 228 1192 26 33 39 31 24 22 22 27 38 49 26 164 91
internal_value=9.0674e-05 -0.00143108 0.0486678 0.0784646 -0.00584138 0.0113955 0.0619377 0.0474955 -0.00183654 0.00845262 0.0153516 0.029952 -0.011307 0.00612569 0.0106691 0.0128656 -0.00237074 0.00244891 0.0262419 0.0198832 0.0332265 0.0175515 0.0061319 0.0776071 0.0240369 -0.00450936 0.0251759 -8.05319e-05 0.0253048 0.0292806
internal_weight=10138 9831 307 150 7316 2515 129 106 4223 2172 52 343 3093 1819 983 901 4142 1273 81 157 94 63 48 54 281 2869 81 53 298 255
internal_count=10138 9831 307 150 7316 2515 129 106 4223 2172 52 343 3093 1819 983 901 4142 1273 81 157 94 63 48 54 281 2869 81 53 298 255
is_linear=0
shrinkage=0.05


Tree=17
num_leaves=31
num_cat=0
split_feature=8 2 8 9 4 3 2 5 12 7 6 7 1 12 9 5 10 7 8 1 7 10 5 13 8 1 12 3 2 5
split_gain=271.611 200.871 96.4648 58.3248 60.6905 57.8361 50.5227 33.3251 25.0878 22.0832 21.8003 36.0074 19.9583 18.9845 17.3422 18.877 16.5227 21.0232 20.0303 16.1794 16.0353 15.5905 15.4512 15.4298 17.9764 13.8285 13.3519 12.7508 12.8621 12.3541
threshold=3.1214285714285719 -59.024409548153351 5.7500000000000009 1.7321428571428574 0.23611111111111113 63.98439887459984 -258.59218144839878 0.29285714285714287 -1.9374999999999998 3.1714285714285722 0.89444444444444449 1.4722222222222225 1474.4672046808976 -1.0499999999999996 0.58571428571428574 0.68333333333333346 0.35416666666666669 0.89444444444444449 2.4365079365079372 1534.2011740730325 1.1833333333333336 0.43650793650793657 1.0000000180025095e-35 1.0000000180025095e-35 2.0500000000000003 1552.1306684769231 -3.7083333333333326 61.339265805306702 -144.59868900814726 0.58571428571428574
decision_type=2 2 2 2 2 2 2 2 2 2 2 2 2 2 2 2 2 2 2 2 2 2 2 2 2 2 2 2 2 2
left_child=1 6 3 4 7 9 26 -2 14 23 11 -9 13 -5 -8 20 -10 -18 21 -7 -16 27 -15 -3 -25 -20 -1 -19 -29 -11
right_child=2 5 -4 12 -6 19 8 10 16 29 -12 -13 -14 22 15 -17 17 18 25 -21 -22 -23 -24 24 -26 -27 -28 28 -30 -31
leaf_value=0.061934933455332242 -0.0067580514848232277 -0.0042835261403977309 0.14752506993033671 0.062164669994187231 0.13881659337452479 -0.012787652524019697 -0.0075032579749822626 0.033984333953182948 0.0010859245299985729 0.05711203466746069 0.020707278638597459 0.10226617575443181 -0.027633524988777938 0.042253120749124462 0.041752195553701438 0.051695896010353883 -0.013227846707369007 0.051037966945896976 0.020532216275891954 -0.0043426155418060854 0.012706654553351524 -0.0018221487374049832 -0.0028070751647464934 0.00050267644662390287 0.021649419858374382 0.074450934004215971 0.027619310622504563 0.02400625001949569 0.008658088562456338 0.012334694367863479
leaf_weight=33 24 2869 21 23 20 2343 49 37 872 20 30 43 23 27 60 52 85 22 30 750 223 190 59 1164 109 20 208 191 480 61
leaf_count=33 24 2869 21 23 20 2343 49 37 872 20 30 43 23 27 60 52 85 22 30 750 223 190 59 1164 109 20 208 191 480 61
internal_value=9.03604e-05 -0.00135802 0.0463253 0.0384064 0.0592209 -0.00554847 0.0108291 0.0464007 0.00851335 -0.00174303 0.0579553 0.0714953 0.0138602 0.0227874 0.0201504 0.0242055 0.00613959 0.0104632 0.0126334 -0.0107419 0.0189901 0.0108593 0.0116628 -0.00225119 0.00232893 0.0431366 0.0325546 0.0143337 0.0130562 0.0239525
internal_weight=10138 9831 307 286 154 7316 2515 134 2274 4223 110 80 132 109 384 335 1890 1018 933 3093 283 883 86 4142 1273 50 241 693 671 81
internal_count=10138 9831 307 286 154 7316 2515 134 2274 4223 110 80 132 109 384 335 1890 1018 933 3093 283 883 86 4142 1273 50 241 693 671 81
is_linear=0
shrinkage=0.05


Tree=18
num_leaves=31
num_cat=0
split_feature=8 2 1 6 7 4 3 2 8 13 12 7 13 6 7 5 12 13 13 8 6 0 6 6 6 0 8 7 12 3
split_gain=246.004 181.438 89.6191 89.7655 195.093 60.4554 52.2131 45.6475 41.1706 55.7075 22.6764 19.9976 16.1145 18.983 15.4595 17.2009 16.2148 15.3633 13.9296 16.6612 16.4807 13.4063 13.401 12.7026 15.4198 14.5079 12.6139 12.7968 12.1141 11.7307
threshold=3.1214285714285719 -59.024409548153351 1473.0978818138753 0.38750000000000007 1.3875000000000002 0.2678571428571429 63.98439887459984 -258.59218144839878 4.354166666666667 1.0000000180025095e-35 -1.8285714285714281 3.1714285714285722 1.0000000180025095e-35 1.7321428571428574 0.89444444444444449 0.38750000000000007 -1.732142857142857 1.0000000180025095e-35 1.0000000180025095e-35 2.8166666666666669 3.0500000000000003 1772.0684047054403 1.9500000000000002 0.58571428571428574 1.0500000000000003 1429.3494850052532 0.47222222222222227 0.64583333333333337 -3.7083333333333326 22.714947821152695
decision_type=2 2 2 2 2 2 2 2 2 2 2 2 2 2 2 2 2 2 2 2 2 2 2 2 2 2 2 2 2 2
left_child=1 7 14 4 -4 8 11 28 9 -5 23 18 26 -14 -2 16 -16 -8 21 20 -20 -3 -15 -9 -25 -26 -12 -28 -1 -13
right_child=2 6 3 5 -6 -7 17 10 -10 -11 12 29 13 22 15 -17 -18 -19 19 -21 -22 -23 -24 24 25 -27 27 -29 -30 -31
leaf_value=0.058929266955922634 -0.0016682146117091179 -0.0044690593985909043 0.026731154609185001 -0.0096441704493302575 0.22548195946216587 0.11344567338043515 -0.012404089699719699 0.041948498669519746 -0.032936949624369542 0.090320876384935078 -0.034680944647301329 0.045861976796930493 0.0094410477307426393 0.070975204876491005 0.077632111310958873 -0.010482742797051157 0.025663829196020272 -0.0045515354560454234 0.00039712154460069577 0.041829167779248499 0.034726257801756019 0.025054568104231012 0.022560404796226355 0.0029261694133438012 0.050757297022002081 0.017282450459223535 -0.02213110091521385 0.0044403518764849969 0.026244952492627573 0.0071185132712125775
leaf_weight=33 63 2831 25 25 24 23 2226 52 23 30 21 32 477 20 21 20 53 867 1213 25 35 38 50 142 41 151 46 1274 208 49
leaf_count=33 63 2831 25 25 24 23 2226 52 23 30 21 32 477 20 21 20 53 867 1213 25 35 38 50 142 41 151 46 1274 208 49
internal_value=9.04465e-05 -0.00128797 0.0440919 0.0716124 0.126641 0.0439354 -0.00527056 0.0102947 0.0222622 0.0455214 0.00809347 -0.00165485 0.00582964 0.0130545 0.0175117 0.0302486 0.04125 -0.0102051 -0.00213841 0.00221335 0.00138691 -0.00406942 0.037198 0.0191226 0.0154543 0.0246567 0.00287504 0.00349832 0.0309454 0.0227972
internal_weight=10138 9831 307 150 49 101 7316 2515 78 55 2274 4223 1888 547 157 94 74 3093 4142 1273 1248 2869 70 386 334 192 1341 1320 241 81
internal_count=10138 9831 307 150 49 101 7316 2515 78 55 2274 4223 1888 547 157 94 74 3093 4142 1273 1248 2869 70 386 334 192 1341 1320 241 81
is_linear=0
shrinkage=0.05


Tree=19
num_leaves=31
num_cat=0
split_feature=8 2 8 9 4 2 2 5 5 1 13 12 8 1 1 5 4 13 7 7 3 3 12 8 1 12 1 7 0 5
split_gain=222.843 163.837 86.6539 49.399 52.4268 47.8223 41.2721 28.3662 21.8752 34.1628 21.6512 19.6798 22.4663 19.137 17.7307 16.6805 17.126 16.6644 14.7389 14.2349 13.9561 12.3203 11.8424 11.526 11.203 11.0976 10.9339 10.4567 13.9215 15.9622
threshold=3.1214285714285719 -59.024409548153351 5.7500000000000009 1.7321428571428574 0.23611111111111113 41.419332038422233 -227.29344985032478 0.29285714285714287 0.35416666666666669 1503.4290376951919 1.0000000180025095e-35 -2.3095238095238089 2.2678571428571432 1474.4672046808976 1312.6709985276232 0.21111111111111114 0.15476190476190479 1.0000000180025095e-35 1.7321428571428574 3.1714285714285722 396.34811285793597 22.714947821152695 -3.4499999999999997 1.5277777777777779 1742.0228837526563 -3.1249999999999996 1599.1623768809111 0.64583333333333337 1376.9520367193807 0.29285714285714287
decision_type=2 2 2 2 2 2 2 2 2 2 2 2 2 2 2 2 2 2 2 2 2 2 2 2 2 2 2 2 2 2
left_child=1 6 3 4 7 19 20 -2 -9 -10 23 12 -8 14 -5 16 -16 27 -11 25 22 -21 -1 24 -7 -3 -12 -13 29 -29
right_child=2 5 -4 13 -6 10 11 8 9 18 26 17 -14 -15 15 -17 -18 -19 -20 21 -22 -23 -24 -25 -26 -27 -28 28 -30 -31
leaf_value=0.045414827114230623 -0.0072788608372211464 0.028494246012621349 0.13785462135618384 -0.019928808442570948 0.12757223766474499 -0.012856258172978353 0.014222928066905456 0.09415520115941764 -0.007920854428300152 0.092523767961108172 -0.0052338784243332673 -0.020004637446254494 0.059259655844154102 -0.028709084959700704 0.076907542519844496 0.0021729228963308475 0.020500996823032056 0.013051173359729782 0.039668282312460439 0.043638365896362247 0.056509695100762397 0.0023050554278420238 0.018187885350396921 -0.0025119319098161129 0.023929212845507124 -0.0015572966741333016 0.0080566326412745814 0.04595411898274171 0.0019292974531601927 0.0086991915662513412
leaf_weight=47 24 30 21 21 20 2346 138 24 26 22 898 47 34 23 25 33 30 570 38 32 33 40 263 327 20 3437 186 37 1225 121
leaf_count=47 24 30 21 21 20 2346 138 24 26 22 898 47 34 23 25 33 30 570 38 32 33 40 263 327 20 3437 186 37 1225 121
internal_value=9.02973e-05 -0.00122162 0.0419692 0.0344729 0.0536269 -0.00500612 0.00978489 0.0417271 0.0523885 0.0397844 -0.0089184 0.00723237 0.0234166 0.0118914 0.0206416 0.0304383 0.0470558 0.00582952 0.0602477 -0.000829404 0.0258804 0.0210216 0.0224486 -0.0113196 -0.0125353 -0.00128912 -0.00294808 0.00294385 0.00373763 0.0176576
internal_weight=10138 9831 307 286 154 7316 2515 134 110 86 3777 2172 172 132 109 88 55 2000 60 3539 343 72 310 2693 2366 3467 1084 1430 1383 158
internal_count=10138 9831 307 286 154 7316 2515 134 110 86 3777 2172 172 132 109 88 55 2000 60 3539 343 72 310 2693 2366 3467 1084 1430 1383 158
is_linear=0
shrinkage=0.05


Tree=20
num_leaves=31
num_cat=0
split_feature=8 2 1 6 7 8 2 9 2 13 7 8 8 8 8 1 1 8 9 8 7 4 1 3 7 6 7 3 0 6
split_gain=258.616 153.744 85.2815 71.992 167.179 58.0657 42.858 35.1558 34.2459 30.2203 22.1685 21.4563 21.1713 16.632 25.8968 17.1184 16.0671 13.2605 16.8382 13.2358 12.8268 12.6369 12.445 12.0837 18.9494 17.9207 11.927 14.656 11.7363 11.7285
threshold=3.3166666666666669 -53.32068601276864 1473.0978818138753 0.38750000000000007 1.3875000000000002 4.354166666666667 127.77148353154793 1.3541666666666667 -227.29344985032478 1.0000000180025095e-35 0.95000000000000007 2.6125000000000003 0.81666666666666676 4.9500000000000011 4.354166666666667 1442.152844065341 1527.6969215658698 2.1055555555555561 2.4142857142857146 1.788888888888889 2.5634920634920637 0.10555555555555557 1545.5974445138797 22.071523110055526 2.9500000000000006 3.0500000000000003 0.5634920634920636 36.148332537027621 1392.1592786144327 2.183333333333334
decision_type=2 2 2 2 2 2 2 2 2 2 2 2 2 2 2 2 2 2 2 2 2 2 2 2 2 2 2 2 2 2
left_child=1 8 13 4 -4 7 10 -5 19 16 17 20 -12 14 15 -2 -10 18 -3 -1 29 -13 -18 24 25 -14 -19 -28 -24 -11
right_child=2 6 3 5 -6 -7 -8 -9 9 11 12 21 23 -15 -16 -17 22 26 -20 -21 -22 -23 28 -25 -26 -27 27 -29 -30 -31
leaf_value=0.013573578944326276 0.027740549877033394 -0.0073210837238321756 0.029143289763193865 0.041316852382113856 0.20993471432615213 -0.012494399026036263 -0.012357400571927428 0.12788605555182411 0.011604671026958804 0.0091575703248963688 -0.0065016867743853905 0.023277742475271226 0.0034732816687768186 -0.015407700406817292 0.066500550689119295 -0.023221252874835677 -0.013605395068863888 -0.0089922541112959949 -0.023226428482192692 0.032904370562173428 0.035134858344910577 0.07783056196889708 0.037416356963955837 -0.001012389667137729 0.043843317485880107 0.044828097068670171 0.00066307667727289984 0.042186506619406365 0.0013182737583603513 0.043037363114180389
leaf_weight=179 58 1312 25 30 26 27 1599 20 417 511 1200 24 894 25 32 22 142 73 190 179 60 20 22 1717 31 26 50 36 1078 26
leaf_count=179 58 1312 25 30 26 27 1599 20 417 511 1200 24 894 25 32 22 142 73 190 179 60 20 22 1717 31 26 50 36 1078 26
internal_value=-1.36166e-06 -0.00132347 0.0486431 0.0778492 0.123576 0.0463665 -0.00515041 0.0777731 0.00893738 0.00669208 -0.00306427 0.0159039 -0.000988855 0.0209893 0.0291781 0.0136124 0.00312541 -0.00789383 -0.00934719 0.0233037 0.0133677 0.049253 0.000271458 0.00149219 0.00601043 0.00468941 0.00580807 0.0183301 0.00207356 0.0108749
internal_weight=10051 9786 265 128 51 77 7128 50 2658 2300 5529 641 3868 137 112 80 1659 1661 1502 358 597 44 1242 2668 951 920 159 86 1100 537
internal_count=10051 9786 265 128 51 77 7128 50 2658 2300 5529 641 3868 137 112 80 1659 1661 1502 358 597 44 1242 2668 951 920 159 86 1100 537
is_linear=0
shrinkage=0.05


Tree=21
num_leaves=31
num_cat=0
split_feature=8 2 7 6 2 2 1 13 8 13 8 4 1 1 8 8 8 9 12 8 6 12 4 10 1 8 1 6 9 9
split_gain=234.602 146.044 104.231 163.089 36.714 36.1706 33.8064 25.0512 24.3956 21.0352 21.8321 25.1494 25.9992 20.485 17.9601 16.7469 19.5669 16.4343 14.7284 14.1669 14.0377 13.196 12.8108 13.4922 15.6383 12.4704 13.4725 12.3499 12.1317 11.8168
threshold=3.5277777777777781 -44.884728713377505 1.3875000000000002 0.38750000000000007 127.77148353154793 -227.29344985032478 1496.7256617038449 1.0000000180025095e-35 2.6125000000000003 1.0000000180025095e-35 2.183333333333334 0.2678571428571429 1473.0978818138753 1483.06742021068 0.78888888888888908 4.8444444444444459 4.4142857142857155 1.4722222222222225 -2.2249999999999992 1.788888888888889 0.89444444444444449 1.0500000000000005 0.23611111111111113 0.23611111111111113 1729.877854393497 1.5634920634920637 1534.2011740730325 2.1547619047619051 3.5277777777777781 1.3875000000000002
decision_type=2 2 2 2 2 2 2 2 2 2 2 2 2 2 2 2 2 2 2 2 2 2 2 2 2 2 2 2 2 2
left_child=1 5 15 -4 9 19 -5 18 22 14 28 20 -13 -10 -3 16 17 -2 -7 -1 -12 -16 -9 24 -24 27 -27 -25 -11 -21
right_child=2 4 3 6 -6 7 -8 8 13 10 11 12 -14 -15 21 -17 -18 -19 -20 29 -22 -23 23 25 -26 26 -28 -29 -30 -31
leaf_value=0.012898670948990104 -0.016897845759310508 -0.012433227239655871 0.19058968693274878 0.086182627344021101 -0.011739917067810893 0.017922139648152025 0.010377800782375476 0.0020273468399673333 0.0084025748372077939 0.00074333462900545016 0.026522066661467156 0.018781392609305454 0.091166789013715027 0.068431292807993802 -0.0023590191120310307 -0.0061989426738708409 0.070838240032585764 0.035043865223141284 0.0016674898616063196 0.038368619056781392 -0.022431825357489291 -0.013259251027993508 -0.0024120410765284925 0.013569240667483703 0.036026162360653737 0.011405926588035766 0.063523357297692984 0.054213564488149825 -0.025312088721472288 0.0039274313547197851
leaf_weight=179 21 702 28 26 1599 151 33 242 24 1550 26 32 20 35 2598 36 25 50 1680 153 31 310 133 186 32 20 34 20 45 30
leaf_count=179 21 702 28 26 1599 151 33 242 24 1550 26 32 20 35 2598 36 25 50 1680 153 31 310 133 186 32 20 34 20 45 30
internal_value=2.67887e-06 -0.00113982 0.0510672 0.09326 -0.00509951 0.00823635 0.0446629 0.00613678 0.0139899 -0.00309956 0.00147866 0.0230233 0.0478168 0.0445598 -0.00526039 0.0227663 0.0335802 0.0196595 0.00301704 0.023009 -2.97002e-05 -0.00352517 0.0112232 0.0164423 0.00521476 0.0235202 0.0447789 0.0177581 -7.17047e-06 0.0327746
internal_weight=10051 9832 219 87 6913 2919 59 2557 726 5314 1704 109 52 59 3610 132 96 71 1831 362 57 2908 667 425 165 260 54 206 1595 183
internal_count=10051 9832 219 87 6913 2919 59 2557 726 5314 1704 109 52 59 3610 132 96 71 1831 362 57 2908 667 425 165 260 54 206 1595 183
is_linear=0
shrinkage=0.05


Tree=22
num_leaves=31
num_cat=0
split_feature=8 2 7 6 2 12 11 4 6 5 2 7 10 8 5 11 0 7 8 9 8 3 12 3 0 7 7 8 9 0
split_gain=212.496 125.719 69.7015 154.978 32.9602 29.7119 23.7299 25.0789 21.936 31.3647 19.2761 19.1072 18.3275 39.3753 33.2204 19.7279 17.698 17.5415 15.9408 14.1024 14.955 13.9457 13.8781 13.2271 12.5395 14.054 12.4142 11.674 13.7104 10.9385
threshold=3.3166666666666669 -44.884728713377505 1.3875000000000002 0.38750000000000007 127.77148353154793 -2.464285714285714 0.29285714285714287 0.15476190476190479 1.1833333333333336 0.47222222222222227 -43.189702498213016 0.95000000000000007 0.38750000000000007 2.4365079365079372 0.38750000000000007 0.29285714285714287 1408.4149693138847 0.95000000000000007 0.81666666666666676 0.89444444444444449 1.4722222222222225 205.65381226572291 -1.2361111111111109 105.9637445912946 1515.9330116339877 2.8660714285714293 1.7071428571428573 2.1055555555555561 2.4142857142857146 1772.0684047054403
decision_type=2 2 2 2 2 2 2 2 2 2 2 2 2 2 2 2 2 2 2 2 2 2 2 2 2 2 2 2 2 2
left_child=1 5 6 -4 11 19 23 10 9 -5 -8 27 22 15 -15 -14 -16 -17 26 -1 -21 -19 -7 -2 25 -20 -13 28 -3 -26
right_child=2 4 3 8 -6 12 7 -9 -10 -11 -12 18 13 14 16 17 -18 21 24 20 -22 -23 -24 -25 29 -27 -28 -29 -30 -31
leaf_value=0.0091410409704577641 -0.019521063795456522 -0.0070159878565718634 0.16773885990551207 0.094187806442379951 -0.011153287978842855 0.0089927803676907725 0.045077728467515198 0.07289087839479394 0.0001807634686601573 0.010725691728293896 -0.0068975656905344565 -0.0092971048737890676 -0.0053504207977229015 0.0072730789365975761 0.098179877285535136 -0.007783033353227534 0.039898292166846143 0.010570451601442821 0.0041014880658808142 0.0068090594063202545 0.039754112316434512 0.029348008548435958 -0.0020244076543126442 0.029702336913240809 -0.002800694371767172 0.035038796106451435 0.001847048896409003 0.0056073839530347272 -0.021531614329277433 0.021255468170405651
leaf_weight=122 38 1272 31 24 1599 425 36 33 28 21 34 799 240 45 23 113 34 730 1104 47 133 114 868 20 1331 37 363 153 186 48
leaf_count=122 38 1272 31 24 1599 425 36 33 28 21 34 799 240 45 23 113 34 730 1104 47 133 114 868 20 1331 37 363 153 186 48
internal_value=6.27348e-06 -0.00119216 0.0441005 0.0758433 -0.00486439 0.00755184 0.0232542 0.0375457 0.0350798 0.0563187 0.020091 -0.00296278 0.00581733 0.0100097 0.0396827 0.00745017 0.0647027 0.0106626 -0.000974952 0.0223704 0.0312369 0.0131385 0.00160102 -0.00233174 0.00125927 0.00513452 -0.00581716 -0.00750262 -0.00888126 -0.00194856
internal_weight=10051 9786 265 104 6892 2894 161 103 73 45 70 5293 2592 1299 102 1197 57 957 3682 302 180 844 1293 58 2520 1141 1162 1611 1458 1379
internal_count=10051 9786 265 104 6892 2894 161 103 73 45 70 5293 2592 1299 102 1197 57 957 3682 302 180 844 1293 58 2520 1141 1162 1611 1458 1379
is_linear=0
shrinkage=0.05


Tree=23
num_leaves=31
num_cat=0
split_feature=8 2 7 6 3 2 8 0 13 6 11 8 7 0 3 1 8 8 6 12 8 4 1 8 10 8 9 9 1 6
split_gain=192.608 119.225 86.9546 134.768 32.917 30.0787 29.7851 23.3025 22.4378 22.1635 21.3076 20.7295 20.4812 19.4173 18.9941 18.1527 15.455 12.8488 13.1495 12.1094 12.004 11.63 12.2835 15.4459 11.7367 16.1141 10.9104 10.7258 12.6881 18.3624
threshold=3.5277777777777781 -44.884728713377505 1.3875000000000002 0.38750000000000007 22.071523110055526 -227.29344985032478 4.354166666666667 1449.3703680088433 1.0000000180025095e-35 0.21111111111111114 0.29285714285714287 2.6125000000000003 2.9500000000000006 1528.6808205131017 195.1651325627395 1483.06742021068 0.58571428571428574 2.8452380952380958 3.0500000000000003 -4.7499999999999991 1.788888888888889 0.23611111111111113 1534.2011740730325 0.78888888888888908 0.2678571428571429 1.5857142857142861 3.4722222222222228 1.3875000000000002 1640.3450645833343 0.78888888888888908
decision_type=2 2 2 2 2 2 2 2 2 2 2 2 2 2 2 2 2 2 2 2 2 2 2 2 2 2 2 2 2 2
left_child=1 5 7 -4 12 20 -5 9 19 -2 -11 21 16 -14 -6 -13 -3 18 26 -7 -1 -10 -23 -24 -25 -26 -18 28 29 -22
right_child=2 4 3 6 14 8 -8 -9 11 10 -12 15 13 -15 -16 -17 17 -19 -20 -21 27 22 23 24 25 -27 -28 -29 -30 -31
leaf_value=0.011612646436034185 0.0033630009539224008 -0.016338675795782364 0.17329106601918567 0.072503235484614514 -0.0054040675596477104 0.034633763307898212 0.001629703412098544 -0.011234255684766829 0.0016521002336524029 0.014288341127204427 0.077859129474631375 0.0071427156478166588 0.060421331093779632 -0.0030425472227348527 -0.01419521897029476 0.06361148334625695 0.0010066392162962742 0.030840937413174559 0.031779785969239825 0.0020619391259647487 0.031946807337116523 -0.0038756403273769789 -0.0032989626284688715 0.011519988866175637 0.024762577689826898 0.064433974795974791 -0.026480395105239508 0.002468480118700574 0.020519456238700794 0.085293118283152586
leaf_weight=179 36 127 28 32 4434 28 27 40 242 22 34 24 27 21 713 35 1486 36 33 1803 52 69 63 117 145 31 36 30 77 24
leaf_count=179 36 127 28 32 4434 28 27 40 242 22 34 24 27 21 713 35 1486 36 33 1803 52 69 63 117 145 31 36 30 77 24
internal_value=9.1679e-06 -0.00102604 0.0462782 0.0848145 -0.00460373 0.0074456 0.0406373 0.0204325 0.00553101 0.0341735 0.0535737 0.0129631 0.00128593 0.0331604 -0.0066244 0.041143 0.0003766 0.0017203 0.00102674 0.00257867 0.0209169 0.0104126 0.0153853 0.0191189 0.023934 0.0320747 0.000339526 0.0299052 0.0352339 0.0496819
internal_weight=10051 9832 219 87 6913 2919 59 132 2557 92 56 726 1766 48 5147 59 1718 1591 1555 1831 362 667 425 356 293 176 1522 183 153 76
internal_count=10051 9832 219 87 6913 2919 59 132 2557 92 56 726 1766 48 5147 59 1718 1591 1555 1831 362 667 425 356 293 176 1522 183 153 76
is_linear=0
shrinkage=0.05


Tree=24
num_leaves=31
num_cat=0
split_feature=2 12 3 13 4 1 13 6 3 0 0 12 6 7 7 6 3 9 12 5 9 12 3 0 1 9 3 0 6 3
split_gain=140.486 47.8575 34.5515 29.7321 40.084 40.8763 24.197 51.1564 22.6536 20.165 20.3663 16.5237 15.1526 16.441 15.0146 13.8281 14.7661 13.5532 12.5049 11.2011 10.4866 17.4217 9.90198 18.8594 32.7739 29.4278 14.3254 9.84595 17.8937 10.6602
threshold=-53.32068601276864 -2.7083333333333326 138.26555642947235 1.0000000180025095e-35 1.0000000180025095e-35 1481.5701167204736 1.0000000180025095e-35 0.35416666666666669 316.07806262279024 1395.8854225238331 1376.9520367193807 -3.5833333333333326 0.78888888888888908 1.6833333333333336 1.4142857142857144 0.70714285714285718 205.65381226572291 0.68333333333333346 0.23611111111111119 0.78888888888888908 0.95000000000000007 -3.4499999999999997 22.714947821152695 1484.138462782809 1473.0978818138753 1.7321428571428574 16.209381912018333 1436.0791608667146 0.5634920634920636 61.339265805306702
decision_type=2 2 2 2 2 2 2 2 2 2 2 2 2 2 2 2 2 2 2 2 2 2 2 2 2 2 2 2 2 2
left_child=1 9 6 8 5 -5 11 -8 17 10 12 -2 13 -1 -13 -6 -17 19 -16 -3 -11 -22 23 24 26 -26 -9 29 -29 -19
right_child=2 3 -4 4 15 -7 7 22 -10 20 -12 14 -14 -15 18 16 -18 27 -20 -21 21 -23 -24 -25 25 -27 -28 28 -30 -31
leaf_value=0.022751883205703715 0.037188655238909026 -0.010855493896558661 -0.010621566473499223 -0.004209270487938609 -0.0022815139409694965 0.082436559806090035 0.056607076332655326 -0.0027606928470714758 0.031519897413295764 0.0048317841103961388 0.087949529077325561 -0.0064274198967684895 0.0068088096345921877 0.067285269558927871 0.0037120378751413427 0.013549447156536554 0.046471495060501876 0.039628399972771781 -0.0077997974631326076 0.010984015345573426 0.054902427149419154 0.0051977133171425931 -0.0010080984615644382 0.001028379718904642 0.093556545890867718 0.013547714945414794 0.036052230966743086 0.033659716550169923 -0.00022211006334882225 0.0084285267898812893
leaf_weight=43 23 271 1428 20 130 41 42 92 70 92 20 2766 37 42 814 468 36 28 331 74 35 35 1280 406 24 22 31 40 786 524
leaf_count=43 23 271 1428 20 130 41 42 92 70 92 20 2766 37 42 814 468 36 28 331 74 35 35 1280 406 24 22 31 40 786 524
internal_value=1.24141e-05 0.00954194 -0.0036537 0.00724695 0.016019 0.0544184 -0.00194576 0.00269163 0.00383973 0.0282393 0.0419582 -0.00418205 0.0337649 0.0452831 -0.00443479 0.0122445 0.0159884 0.00269754 0.00038026 -0.00615287 0.0160304 0.0304733 0.00144106 0.0068854 0.0208673 0.0563939 0.00723328 0.00491621 0.00145737 0.0100799
internal_weight=10051 2792 7259 2488 695 61 5831 1897 1793 304 142 3934 122 85 3911 634 504 1723 1145 345 162 70 1855 575 169 46 123 1378 826 552
internal_count=10051 2792 7259 2488 695 61 5831 1897 1793 304 142 3934 122 85 3911 634 504 1723 1145 345 162 70 1855 575 169 46 123 1378 826 552
is_linear=0
shrinkage=0.05


Tree=25
num_leaves=31
num_cat=0
split_feature=8 8 7 2 6 1 1 0 1 3 3 1 7 10 9 1 2 2 8 7 5 0 5 7 1 9 9 7 9 3
split_gain=162.903 79.2672 85.3729 71.8612 49.7477 48.0587 32.16 30.3481 33.3938 29.8162 27.899 16.811 15.8027 18.6177 20.6737 14.8951 14.1889 23.3063 14.3026 15.9666 13.451 15.1364 12.7878 15.0261 12.5353 12.2345 13.198 14.005 11.2038 11.0259
threshold=1.9500000000000002 3.8166666666666669 1.3875000000000002 21.760673315864782 0.38750000000000007 1494.5318631073003 1502.0229440339592 1458.2896042548341 1451.4983318594011 396.34811285793597 138.26555642947235 1631.2971218512255 1.7321428571428574 0.64583333333333337 1.4722222222222225 1525.7896031390135 -14.999708873898156 -24.448261436620438 2.9500000000000006 1.788888888888889 0.76388888888888895 1389.3956735848733 0.43650793650793657 2.2928571428571431 1642.334538823585 1.4722222222222225 1.0500000000000003 1.6833333333333336 0.95000000000000007 60.520308737030753
decision_type=2 2 2 2 2 2 2 2 2 2 2 2 2 2 2 2 2 2 2 2 2 2 2 2 2 2 2 2 2 2
left_child=3 5 7 10 -4 -2 -6 8 29 15 12 -5 -1 14 -14 16 17 18 19 -7 21 24 -16 -24 28 26 -23 -28 -17 -3
right_child=1 2 4 11 6 9 -8 -9 -10 -11 -12 -13 13 -15 22 20 -18 -19 -20 -21 -22 25 23 -25 -26 -27 27 -29 -30 -31
leaf_value=-0.001519523992541114 0.0029060018903276485 0.030225639948621392 0.1481846957622717 -0.0077024255988158777 0.094983473473361557 0.032589891049769018 0.01534766649527137 -0.033119796061267456 0.083009844239462505 0.074876987948440596 0.011073414292874053 0.0038076351590933736 0.004908185158133834 -0.016089349239672212 0.0075305997837721468 0.051599814018441575 -0.0018110513316059952 0.085429987140444363 0.060573380312015271 -0.010128953926745923 0.051149394031128163 -0.0016691821199210902 0.059776749413105706 0.013750324093482711 -0.010019722616388685 -0.02592774908989668 0.0083604233533454437 0.053769528413950302 0.017724877548733212 -0.018358594991944054
leaf_weight=2713 699 24 23 3995 27 76 24 23 21 25 744 344 808 88 52 44 27 21 28 30 22 123 41 32 20 29 47 26 57 21
leaf_count=2713 699 24 23 3995 27 76 24 23 21 25 744 344 808 88 52 44 27 21 28 30 22 123 41 32 20 29 47 26 57 21
internal_value=0.000340478 0.015945 0.0486753 -0.00220427 0.0879955 0.0117225 0.0585236 0.0153677 0.032507 0.0224165 0.00223889 -0.00678923 0.000476114 0.00577522 0.00785249 0.0199004 0.0315891 0.0373815 0.0292745 0.020518 0.0140497 0.0115501 0.0266945 0.0400592 0.0257346 0.00384189 0.00835583 0.0250416 0.0328435 0.00764678
internal_weight=10254 1437 163 8817 74 1274 51 89 66 575 4478 4339 3734 1021 933 550 182 155 134 106 368 346 125 73 121 225 196 73 101 45
internal_count=10254 1437 163 8817 74 1274 51 89 66 575 4478 4339 3734 1021 933 550 182 155 134 106 368 346 125 73 121 225 196 73 101 45
is_linear=0
shrinkage=0.05


Tree=26
num_leaves=31
num_cat=0
split_feature=8 8 7 2 9 2 1 0 1 0 2 4 8 1 7 10 9 12 0 5 7 7 8 9 9 12 0 0 13 2
split_gain=147.434 71.8749 77.3574 64.8688 50.7679 98.5406 43.5292 27.5121 30.2862 26.2951 24.6195 18.9183 28.1684 15.1737 14.1795 16.8226 18.7155 13.4635 14.97 11.5729 13.5921 10.9178 10.8306 10.8223 11.4502 10.0886 11.5229 27.103 19.9287 9.71012
threshold=1.9500000000000002 3.8166666666666669 1.3875000000000002 21.760673315864782 1.8819444444444446 -92.195491710227984 1494.5318631073003 1458.2896042548341 1451.4983318594011 1395.8854225238331 -138.2222370276497 0.31666666666666671 2.2678571428571432 1631.2971218512255 1.7321428571428574 0.64583333333333337 1.4722222222222225 -2.0833333333333326 1290.624733483985 0.43650793650793657 2.2928571428571431 0.21111111111111114 0.86607142857142871 2.3166666666666669 0.41428571428571431 -1.0499999999999996 1464.8591032985553 1489.5051232748463 1.0000000180025095e-35 -191.06705678312832
decision_type=2 2 2 2 2 2 2 2 2 2 2 2 2 2 2 2 2 2 2 2 2 2 2 2 2 2 2 2 2 2
left_child=3 6 7 10 5 -4 25 8 -3 17 -1 -11 -13 21 23 16 22 18 -8 -18 -21 -5 -16 24 -12 -2 -27 28 -28 -19
right_child=1 2 4 13 -6 -7 9 -9 -10 11 14 12 -14 -15 15 -17 19 29 -20 20 -22 -23 -24 -25 -26 26 27 -29 -30 -31
leaf_value=0.010420220610657558 0.01622923008118082 0.0072773405188775583 0.043476765871358417 -0.021581851493280669 0.014750914843309494 0.17955892933890796 0.084248879431160523 -0.031532805048239729 0.079048006880012428 0.0086523311030759949 -0.014987095546658728 0.010540883926669046 0.076245075404377916 0.0036178052491690643 -0.0042300817206950237 -0.015293920946461502 0.0071611738790107781 0.018688074795957701 0.033326342289109488 0.056859074896644983 0.01308364166003285 -0.0068359691859283915 0.0084215832395423441 -0.019197013040272385 -8.8938173570195212e-05 -0.0037506191978105108 0.010630977310723176 -0.016503364652395248 0.060383955827406188 0.050916703743860127
leaf_weight=745 115 45 29 129 20 25 26 23 21 319 135 40 27 344 240 88 52 96 36 41 32 3866 568 82 2495 450 53 49 32 31
leaf_count=745 115 45 29 129 20 25 26 23 21 319 135 40 27 344 240 88 52 96 36 41 32 3866 568 82 2495 450 53 49 32 31
internal_value=0.000327283 0.0151724 0.0463392 -0.00209363 0.0837681 0.108597 0.0111516 0.0146336 0.0309524 0.0213293 0.00212783 0.0137876 0.0377506 -0.00644981 0.000470559 0.00548988 0.00746447 0.0365783 0.0556793 0.0253919 0.038106 -0.0073174 0.00466308 -0.00142042 -0.000859078 0.00276091 8.55484e-05 0.0129006 0.0298459 0.0268912
internal_weight=10254 1437 163 8817 74 54 1274 89 66 575 4478 386 67 4339 3733 1021 933 189 62 125 73 3995 808 2712 2630 699 584 134 85 127
internal_count=10254 1437 163 8817 74 54 1274 89 66 575 4478 386 67 4339 3733 1021 933 189 62 125 73 3995 808 2712 2630 699 584 134 85 127
is_linear=0
shrinkage=0.05


Tree=27
num_leaves=31
num_cat=0
split_feature=8 8 7 2 9 2 1 3 0 1 3 7 0 2 3 12 7 0 0 1 5 4 9 10 9 5 8 7 3 10
split_gain=135.013 73.3734 70.0875 55.7004 45.99 89.3099 39.7219 25.1482 24.9387 27.4714 19.1699 14.9379 14.7512 22.269 14.4927 14.4623 13.1887 11.6251 14.4372 14.2437 13.9985 18.4178 11.5136 11.4474 13.2341 15.9182 10.5421 10.9988 9.99614 9.51066
threshold=1.7321428571428574 3.8166666666666669 1.3875000000000002 34.090397867257714 1.8819444444444446 -92.195491710227984 1488.0792300185678 396.34811285793597 1458.2896042548341 1451.4983318594011 138.26555642947235 1.7321428571428574 1515.9330116339877 -24.448261436620438 15.19844203253149 -1.0499999999999996 0.89444444444444449 1398.2511746430284 1413.7538198350608 1642.334538823585 0.47222222222222227 0.18333333333333338 2.7638888888888893 0.58571428571428574 1.4722222222222225 0.43650793650793657 0.95000000000000007 3.1714285714285722 60.520308737030753 0.47222222222222227
decision_type=2 2 2 2 2 2 2 2 2 2 2 2 2 2 2 2 2 2 2 2 2 2 2 2 2 2 2 2 2 2
left_child=3 6 8 10 5 -4 15 12 9 28 11 22 13 17 -15 -2 -5 19 -19 20 -8 -22 -1 24 26 -26 -13 -28 -3 -20
right_child=1 2 4 16 -6 -7 7 -9 -10 -11 -12 23 -14 14 -16 -17 -18 18 29 -21 21 -23 -24 -25 25 -27 27 -29 -30 -31
leaf_value=-0.0014455237397697565 0.016743754784841716 0.028425497062504291 0.041375389155000449 -0.011180018371501128 0.014048489786329724 0.17092628708252541 0.018018516760413387 0.062495767466467005 -0.030021859233966098 0.07527526542544366 0.0093505361901150465 -0.0023517368476387414 0.00031585160209764759 0.021484915479751572 0.073959742353430821 -0.00088667914800734859 -0.0048887890756549 -0.018468113272235947 0.015686632737893849 -0.0079550197968880337 0.022820176443328028 0.07087454001639823 -0.023062896083842682 -0.010597813247170832 0.0024365995544940234 0.03735070770813359 0.0067346265434824557 0.032761082094576621 -0.017829717170785776 -0.012031794624293553
leaf_weight=2777 136 24 29 1243 20 25 118 28 23 21 630 336 142 27 27 770 2532 38 375 29 45 37 62 104 60 71 427 44 21 33
leaf_count=2777 136 24 29 1243 20 25 118 28 23 21 630 336 142 27 27 770 2532 38 375 29 45 37 62 104 60 71 427 44 21 33
internal_value=0.000314135 0.0120832 0.0441115 -0.00248225 0.0797382 0.10337 0.00916811 0.0166082 0.0139324 0.0294692 0.00126791 -4.62083e-05 0.015063 0.0179312 0.04859 0.00177537 -0.00696272 0.0154103 0.0106685 0.0245588 0.0292894 0.0450959 -0.00192557 0.00507119 0.00681791 0.0214991 0.00441106 0.00923023 0.00692138 0.0134208
internal_weight=10254 1968 163 8286 74 54 1805 899 89 66 4511 3881 871 729 54 906 3775 675 446 229 200 82 2839 1042 938 131 807 471 45 408
internal_count=10254 1968 163 8286 74 54 1805 899 89 66 4511 3881 871 729 54 906 3775 675 446 229 200 82 2839 1042 938 131 807 471 45 408
is_linear=0
shrinkage=0.05


Tree=28
num_leaves=31
num_cat=0
split_feature=8 8 7 2 6 1 1 0 1 3 2 7 0 2 3 12 12 0 0 1 5 13 7 7 6 9 7 12 9 5
split_gain=122.089 66.5342 63.4966 50.2797 46.807 35.9145 31.5066 22.8496 24.5202 22.7945 17.4335 13.6166 13.3329 20.2005 13.1289 13.0618 11.976 10.5304 13.0504 12.8849 13.0227 33.0063 18.6627 14.6474 10.4169 10.2037 10.0826 9.10168 12.1955 15.6313
threshold=1.7321428571428574 3.8166666666666669 1.3875000000000002 34.090397867257714 0.38750000000000007 1488.0792300185678 1502.0229440339592 1446.1424108810884 1417.3859622962707 396.34811285793597 -121.27216588839597 1.7321428571428574 1515.9330116339877 -24.448261436620438 15.19844203253149 -1.0499999999999996 2.0714285714285716 1398.2511746430284 1413.7538198350608 1642.334538823585 0.38750000000000007 1.0000000180025095e-35 1.2928571428571431 1.8944444444444446 1.6458333333333337 2.7638888888888893 0.89444444444444449 0.52777777777777801 1.4722222222222225 0.43650793650793657
decision_type=2 2 2 2 2 2 2 2 2 2 2 2 2 2 2 2 2 2 2 2 2 2 2 2 2 2 2 2 2 2
left_child=3 5 7 10 -4 15 -6 8 -3 12 24 25 13 17 -15 -2 26 19 -19 20 -7 22 -22 -24 -1 -12 -5 28 -13 -30
right_child=1 2 4 16 6 9 -8 -9 -10 -11 11 27 -14 14 -16 -17 -18 18 -20 -21 21 -23 23 -25 -26 -27 -28 -29 29 -31
leaf_value=0.0055779580617159171 0.015912677465519956 0.0010110058529036387 0.13404826102390263 -0.0096714210281727692 0.083645230212381905 0.0094816155592674645 0.0053375192433595658 -0.024518205451646024 0.063625382218542026 0.059478731522465057 -0.0015689260632934206 0.0041102346382369337 0.00030016960149591826 0.020449034962803127 0.070393825348998823 -0.00084240262440195008 -0.014928127747570144 -0.017568384263760003 0.01275017339790873 -0.0075705265998840341 -0.01874400613208612 0.086385754357885439 0.045955515037657636 -0.00036382880061864854 0.021929818032342091 -0.021928055510516204 -0.0038017053504428664 -0.0084605637447614426 0.0023167666566909335 0.037494216526253843
leaf_weight=679 136 34 23 1070 27 66 24 27 28 28 2679 739 142 27 27 770 388 38 408 29 20 26 65 23 113 62 2317 113 60 66
leaf_count=679 136 34 23 1070 27 66 24 27 28 28 2679 739 142 27 27 770 388 38 408 29 20 26 65 23 113 62 2317 113 60 66
internal_value=0.000301257 0.0114929 0.0419919 -0.00235793 0.0759022 0.00871699 0.0476059 0.0132668 0.0298495 0.0157915 0.00120508 -0.000230023 0.0143205 0.0170473 0.0462473 0.00168748 -0.0066148 0.0146463 0.0101335 0.0233534 0.0278527 0.0367639 0.0241349 0.0339813 0.0079357 -0.00203727 -0.00565834 0.00483198 0.00657622 0.0208932
internal_weight=10254 1968 163 8286 74 1805 51 89 62 899 4511 3719 871 729 54 906 3775 675 446 229 200 134 108 88 792 2741 3387 978 865 126
internal_count=10254 1968 163 8286 74 1805 51 89 62 899 4511 3719 871 729 54 906 3775 675 446 229 200 134 108 88 792 2741 3387 978 865 126
is_linear=0
shrinkage=0.05


Tree=29
num_leaves=31
num_cat=0
split_feature=8 8 7 2 6 1 1 0 6 0 1 3 10 8 0 2 7 12 12 10 7 8 8 0 8 10 0 0 4 7
split_gain=110.414 60.3233 57.5495 45.3873 42.4441 32.479 28.5408 21.1478 23.2976 20.6978 22.2101 15.8462 13.7669 28.6891 15.8056 17.7462 12.1437 11.797 10.8126 9.5699 9.10079 9.06321 8.51147 8.23944 8.34217 8.20853 12.8225 17.5159 22.5338 24.4121
threshold=1.7321428571428574 3.8166666666666669 1.3875000000000002 34.090397867257714 0.38750000000000007 1488.0792300185678 1502.0229440339592 1290.624733483985 0.47222222222222227 1446.1424108810884 1417.3859622962707 138.26555642947235 0.38750000000000007 2.3166666666666669 1473.6227498047926 -92.195491710227984 1.7321428571428574 -1.0499999999999996 2.0714285714285716 0.58571428571428574 0.89444444444444449 1.6458333333333337 0.95000000000000007 1350.8401365852212 1.8660714285714288 0.38750000000000007 1489.5051232748463 1464.8591032985553 0.2678571428571429 0.89444444444444449
decision_type=2 2 2 2 2 2 2 2 2 2 2 2 2 2 2 2 2 2 2 2 2 2 2 2 2 2 2 2 2 2
left_child=3 5 9 11 -4 17 -6 8 -7 10 -3 16 -9 23 15 -15 -1 -2 20 22 21 -5 -18 -14 -25 -19 27 -27 -29 -30
right_child=1 2 4 18 6 7 -8 12 -10 -11 -12 -13 13 14 -16 -17 19 25 -20 -21 -22 -23 -24 24 -26 26 -28 28 29 -31
leaf_value=-0.0017440060241282818 0.015122851365361446 0.00096190024167299272 0.12762511775363236 -0.010050595953952576 0.079612335868711984 0.010711528800634876 0.0050813192278146742 0.0058063897588074252 0.067266535950012696 -0.023336077742611191 0.060553812042906364 0.0084938633306672947 0.040076747390887013 0.048274469474951426 0.068606173076134702 0.00078099133032891491 0.00027073188565961858 -0.0098546285623260753 -0.01418363994560839 -0.0097617553068058832 -0.0036117020774626869 0.015180965533127656 0.010008899282793594 0.022366394417449125 0.00383177256769593 0.00044946629139829892 -0.016071104949497313 -0.0020274295550870135 0.080586445747086635 0.013305738794927796
leaf_weight=2839 136 34 23 1034 27 35 24 387 38 27 28 630 22 44 34 35 371 188 388 104 2317 36 567 83 221 400 82 46 25 29
leaf_count=2839 136 34 23 1034 27 35 24 387 38 27 28 630 22 44 34 35 371 188 388 104 2317 36 567 83 221 400 82 46 25 29
internal_value=0.000288877 0.010932 0.0399725 -0.00223997 0.0722557 0.00828878 0.0453111 0.0150164 0.0406623 0.0126257 0.0284084 0.00114526 0.0127035 0.0187565 0.0403656 0.0275058 -4.95091e-05 0.00160394 -0.00628444 0.00456451 -0.00537562 -0.0091883 0.00616163 0.0111657 0.00894895 -0.000800337 0.0021363 0.00514844 0.0237538 0.0453531
internal_weight=10254 1968 163 8286 74 1805 51 899 73 89 62 4511 826 439 113 79 3881 906 3775 1042 3387 1070 938 326 304 770 582 500 100 54
internal_count=10254 1968 163 8286 74 1805 51 899 73 89 62 4511 826 439 113 79 3881 906 3775 1042 3387 1070 938 326 304 770 582 500 100 54
is_linear=0
shrinkage=0.05


Tree=30
num_leaves=31
num_cat=0
split_feature=2 13 8 8 1 7 7 3 12 7 13 8 5 2 4 8 8 12 3 3 9 2 7 5 9 1 12 5 12 1
split_gain=86.9962 32.2411 44.0388 26.0174 34.2932 61.6876 18.4605 17.6166 13.5236 12.9906 12.8479 19.2009 18.2464 15.3698 19.1524 19.945 13.9068 14.9307 12.3024 12.1205 10.2684 12.7545 11.5952 9.18015 8.9912 8.86189 8.72309 11.2271 8.51138 8.24789
threshold=-69.379646836106517 1.0000000180025095e-35 4.7071428571428582 3.7250000000000005 1463.8522969570006 1.9500000000000002 0.89444444444444449 396.34811285793597 0.10555555555555553 2.8166666666666669 1.0000000180025095e-35 2.6458333333333335 0.38750000000000007 -144.59868900814726 0.29285714285714287 1.4722222222222225 3.1214285714285719 -4.7499999999999991 38.914363097353665 277.00331346637967 0.58571428571428574 -308.27270358582717 2.8660714285714293 0.78888888888888908 3.8444444444444446 1736.159461710967 -1.732142857142857 0.47222222222222227 -2.7083333333333326 1774.6693261747193
decision_type=2 2 2 2 2 2 2 2 2 2 2 2 2 2 2 2 2 2 2 2 2 2 2 2 2 2 2 2 2 2
left_child=3 6 9 7 -5 -6 24 8 10 26 16 13 -13 14 19 25 17 -1 28 -12 -19 -22 -23 -11 -2 -16 27 -3 -8 -9
right_child=1 2 -4 4 5 -7 18 29 -10 23 11 12 -14 -15 15 -17 -18 20 -20 -21 21 22 -24 -25 -26 -27 -28 -29 -30 -31
leaf_value=0.03851220956870488 -0.0083456269538453951 0.03604441780204836 0.066979117254511666 -0.0095199691015295691 0.10697815832992395 -0.00054648974537849432 0.027437618101449235 0.015902244805225306 -0.0069310205944237259 0.033496467588153091 0.016122170336520632 0.0078273304700851431 0.065134552745696378 0.0044278137232800739 0.0045102457138332169 0.067942417195687693 -0.024030527673088588 -0.0052502383559178091 -0.0052012749094645398 -0.025932307134975088 0.02815375315669157 0.0050070934815079722 0.032729622454215318 -0.00073461231077089908 -0.024327852561118756 0.0455252810957886 0.00032437096570963068 -0.0091452349400655795 9.0013522813537559e-05 0.061850409050072941
leaf_weight=34 1466 37 25 27 29 24 28 20 167 52 77 24 33 320 36 35 38 194 2249 21 67 1190 38 31 93 20 2211 21 1504 20
leaf_count=34 1466 37 25 27 29 24 28 20 167 52 77 24 33 320 36 35 38 194 2249 21 67 1190 38 31 93 20 2211 21 1504 20
internal_value=1.02607e-05 -0.00258128 0.0022621 0.00829245 0.036162 0.0591793 -0.00473723 0.00732211 0.00673827 0.00154603 0.00781426 0.0142636 0.0415562 0.0111317 0.0223992 0.0387917 0.00546818 0.00621948 -0.00284815 0.00693958 0.00545675 0.00706355 0.00589089 0.0208548 -0.00931401 0.0197002 0.000830838 0.019805 0.000607411 0.0398245
internal_weight=10131 7717 2377 2414 80 53 5340 2334 2294 2352 2127 566 57 509 189 91 1561 1523 3781 98 1489 1295 1228 83 1559 56 2269 58 1532 40
internal_count=10131 7717 2377 2414 80 53 5340 2334 2294 2352 2127 566 57 509 189 91 1561 1523 3781 98 1489 1295 1228 83 1559 56 2269 58 1532 40
is_linear=0
shrinkage=0.05


Tree=31
num_leaves=31
num_cat=0
split_feature=2 13 8 8 0 7 2 6 0 7 7 1 0 12 10 2 5 7 0 1 1 6 10 4 9 6 2 8 9 1
split_gain=78.6375 29.1218 39.9083 23.5712 31.7001 16.6679 14.685 14.3247 28.5783 11.7473 10.6024 14.5009 12.431 12.3257 20.8315 21.7993 21.9549 20.9628 16.6123 16.6653 13.7723 12.9537 12.6051 12.522 10.2253 10.0812 31.0008 9.953 12.2292 15.1683
threshold=-69.379646836106517 1.0000000180025095e-35 4.7071428571428582 3.7250000000000005 1331.700548447943 0.89444444444444449 -421.23673520760059 1.3875000000000002 1372.3460008983041 2.8166666666666669 0.88194444444444453 1435.5441922202012 1216.5734866002574 0.10555555555555553 0.31666666666666671 -135.27368037746655 0.31666666666666671 1.8944444444444446 1384.8360287797088 1658.8460421738744 1633.0284382676816 0.78888888888888908 0.15476190476190479 0.38750000000000007 0.89444444444444449 3.0500000000000003 35.210941793889795 1.4142857142857144 1.0500000000000003 1497.7098865966118
decision_type=2 2 2 2 2 2 2 2 2 2 2 2 2 2 2 2 2 2 2 2 2 2 2 2 2 2 2 2 2 2
left_child=3 5 9 6 -5 -2 -1 10 -9 25 -8 -12 -13 14 22 16 -16 20 21 23 -17 -18 -14 -20 -21 -3 -27 -7 -29 -30
right_child=1 2 -4 4 -6 27 7 8 -10 -11 11 12 13 -15 15 17 18 -19 19 24 -22 -23 -24 -25 -26 26 -28 28 29 -31
leaf_value=0.040099756785132223 -0.0088493551979757831 0.00021319047489405196 0.063758968289654994 0.0076371448318241168 0.071203819739029686 -0.0040393936949096217 -0.0083685881155845417 0.069133370640602973 0.010996006751319131 0.019831583744269753 0.03085285319550032 -0.033744255134037567 0.0030649641873348745 -0.011599726097371716 -0.0092145296739587611 0.016651470393938297 0.0293844211101532 -0.017515240968377501 -0.0077331187369270348 0.048384053343241772 -0.020273290137792457 0.073280068159554942 -0.018214064217233039 0.037237836136704401 0.0089401070624589921 0.059987833297678407 -0.0091456914039997339 -0.0080246422396293877 0.00078578674128818862 0.018379921445554403
leaf_weight=32 1559 2204 25 47 33 2976 153 21 574 83 53 20 723 103 42 201 39 80 58 55 28 32 76 20 24 27 38 213 420 172
leaf_count=32 1559 2204 25 47 33 2976 153 21 574 83 53 20 723 103 42 201 39 80 58 55 28 32 76 20 24 27 38 213 420 172
internal_value=1.24373e-05 -0.00245146 0.00215166 0.00788669 0.0344137 -0.00450047 0.00696311 0.00648526 0.0131605 0.00147 0.00415218 0.00538951 0.00447046 0.00500895 0.00625789 0.0134708 0.0238234 0.00437722 0.029923 0.020625 0.0120681 0.0499114 0.00102069 0.0041233 0.0366626 0.000789895 0.0200451 -0.00270545 0.0022249 0.00591997
internal_weight=10131 7717 2377 2414 80 5340 2334 2302 595 2352 1707 1554 1501 1481 1378 579 270 309 228 157 229 71 799 78 79 2269 65 3781 805 592
internal_count=10131 7717 2377 2414 80 5340 2334 2302 595 2352 1707 1554 1501 1481 1378 579 270 309 228 157 229 71 799 78 79 2269 65 3781 805 592
is_linear=0
shrinkage=0.05


Tree=32
num_leaves=31
num_cat=0
split_feature=2 8 2 13 8 3 12 6 13 4 8 12 11 1 8 1 4 4 13 6 1 2 6 1 0 8 8 12 3 1
split_gain=71.7691 69.4047 25.3445 19.3652 44.1537 15.7833 14.9475 14.3983 13.226 12.9978 17.2797 12.746 12.2599 13.9573 24.6133 40.8663 27.2524 12.7528 10.8071 10.3752 10.2897 15.1035 10.0816 9.32803 9.22323 9.74558 8.7908 10.4303 8.56143 12.7589
threshold=-121.27216588839597 5.5500000000000007 34.090397867257714 1.0000000180025095e-35 3.1214285714285719 297.3727528399242 -2.464285714285714 1.0500000000000003 1.0000000180025095e-35 0.29285714285714287 1.4722222222222225 -0.35416666666666669 0.23611111111111113 1472.3214691149929 2.8452380952380958 1503.4290376951919 0.11805555555555557 0.13392857142857145 1.0000000180025095e-35 0.78888888888888908 1620.1867935694816 -184.26781234216318 3.7071428571428577 1719.2455478664992 1401.8818959920866 2.2678571428571432 2.8166666666666669 -2.6333333333333324 157.41573132811962 1572.2761410725955
decision_type=2 2 2 2 2 2 2 2 2 2 2 2 2 2 2 2 2 2 2 2 2 2 2 2 2 2 2 2 2 2
left_child=3 2 6 5 9 7 8 19 -2 -5 -11 -12 24 -14 17 16 -16 -15 23 26 21 -9 -19 -4 -8 -26 -1 -28 29 -23
right_child=1 -3 18 4 -6 -7 12 20 -10 10 11 -13 13 14 15 -17 -18 22 -20 -21 -22 28 -24 -25 25 -27 27 -29 -30 -31
leaf_value=0.0097627048388988311 0.0077483831404139645 0.089151721021958771 -0.0066786827934501624 0.00531020759860985 0.082696331668369205 0.022085432856974584 0.0075603325261436585 0.060000276317199078 0.042687550435463593 0.012971014815798782 0.023830143567816965 0.073271481727284413 -0.0049521874053217729 0.013792912983487402 -0.027426036704203179 0.082300776056945329 0.045467126288491755 0.0010480676075911601 -0.00072516528455412836 -0.0091815992773965349 0.0067457928278860657 -0.0022113308310508727 0.029311397380661221 0.020080408186891652 -0.0043432530383842359 -0.024286473978740664 0.014642681926488876 -0.030852391065855047 -0.010922160290889832 0.042423363641286516
leaf_weight=223 112 20 2866 149 26 154 153 23 35 93 28 26 616 229 28 25 22 2264 1195 214 278 27 31 32 1086 64 20 31 23 38
leaf_count=223 112 20 2866 149 26 154 153 23 35 93 28 26 616 229 28 25 22 2264 1195 214 278 27 31 32 1086 64 20 31 23 38
internal_value=1.40515e-05 -0.00163851 -0.00185599 0.0107288 0.021418 0.00737288 0.000663478 0.00476716 0.0162995 0.0157751 0.0262749 0.0485346 0.000151244 0.00180936 0.00341324 0.0314501 0.00490959 0.002568 -0.00472702 -0.000954966 0.0119296 0.0247363 0.00144244 -0.00637638 -0.00393823 -0.00547327 0.00548024 -0.0130727 0.014949 0.0241302
internal_weight=10131 8778 8758 1353 322 1031 4665 877 147 296 147 54 4518 3215 2599 75 50 2524 4093 488 389 111 2295 2898 1303 1150 274 51 88 65
internal_count=10131 8778 8758 1353 322 1031 4665 877 147 296 147 54 4518 3215 2599 75 50 2524 4093 488 389 111 2295 2898 1303 1150 274 51 88 65
is_linear=0
shrinkage=0.05


Tree=33
num_leaves=31
num_cat=0
split_feature=2 8 8 0 1 12 12 13 7 3 8 7 1 1 6 1 3 8 8 7 8 6 9 9 6 1 11 6 4 2
split_gain=64.9343 38.9499 26.5555 42.6573 20.0645 22.9601 14.996 14.9757 19.2497 16.97 13.9663 14.96 12.2872 25.4144 20.3139 21.5519 31.9099 13.4686 14.4569 11.5212 11.0871 13.6117 16.2834 11.0634 10.5733 10.1813 10.1123 9.95678 9.48356 8.94632
threshold=-88.17432912347077 5.4500000000000011 3.7250000000000005 1331.700548447943 1473.0978818138753 -1.5277777777777775 0.21111111111111117 1.0000000180025095e-35 3.0500000000000003 306.00777273403668 1.4142857142857144 2.183333333333334 1522.7714282089958 1502.0229440339592 0.68333333333333346 1509.6683354055533 25.385418328253994 3.4722222222222228 2.683333333333334 2.4500000000000006 1.5277777777777779 1.6458333333333337 1.6458333333333337 3.8944444444444448 1.0500000000000003 1673.9666425549506 0.35416666666666669 1.5857142857142861 0.41428571428571431 -82.966460171568642
decision_type=2 2 2 2 2 2 2 2 2 2 2 2 2 2 2 2 2 2 2 2 2 2 2 2 2 2 2 2 2 2
left_child=2 4 6 -4 5 -2 7 9 -9 24 11 -6 13 17 -15 16 -16 18 -12 25 -7 -22 -23 -24 -1 -11 -26 -28 -13 -14
right_child=1 -3 3 -5 10 20 -8 8 -10 19 12 28 29 14 15 -17 -18 -19 -20 -21 21 22 23 -25 26 -27 27 -29 -30 -31
leaf_value=-0.00097733408165869202 0.015978213745238615 0.066066073236011325 0.0091395983634435622 0.090834421068429955 -0.0025852807031464622 -0.0083540943643193449 -0.01069156329613179 0.013404198744184033 0.057804387455018091 0.012667385356214185 0.0013116830479517538 -0.0048972269794302845 -0.033120082957404005 0.062767389357282696 0.079931408659155878 0.0021383004005103576 0.012933645476404505 -0.031372382239039452 0.035645626490826116 -0.0093342555298780404 -0.0041762472776392841 0.036823800931427078 -0.010667814063056121 0.030517495118758897 0.011562938182386382 0.043639787071352382 -0.018171553987832295 0.013746872879564762 0.011279028567903096 0.00031631271033955136
leaf_weight=616 120 20 45 24 3670 1979 111 436 25 51 313 123 20 28 27 101 50 27 33 23 774 46 62 21 468 57 62 39 338 422
leaf_count=616 120 20 45 24 3670 1979 111 436 25 51 313 123 20 28 27 101 50 27 33 23 774 46 62 21 468 57 62 39 338 422
internal_value=1.61682e-05 -0.00194268 0.00819471 0.0384469 -0.00211757 -0.00536607 0.00706932 0.00818414 0.0159319 0.00546003 -0.000224045 -0.00151845 0.00500952 0.0097956 0.0238457 0.0174067 0.0371499 0.00199303 0.0046796 0.0224681 -0.00626003 -0.00166655 0.0133079 -8.18325e-06 0.00356245 0.0292643 0.00847032 -0.00583268 0.00696176 -0.00126799
internal_weight=10131 8174 1957 69 8154 3002 1888 1777 461 1316 5152 4131 1021 579 206 178 77 373 346 131 2882 903 129 83 1185 108 569 101 461 442
internal_count=10131 8174 1957 69 8154 3002 1888 1777 461 1316 5152 4131 1021 579 206 178 77 373 346 131 2882 903 129 83 1185 108 569 101 461 442
is_linear=0
shrinkage=0.05


Tree=34
num_leaves=31
num_cat=0
split_feature=2 8 7 8 4 1 13 8 6 3 7 6 3 6 7 4 8 12 4 13 12 7 0 6 0 1 11 1 6 1
split_gain=59.6102 58.0232 21.4931 18.5836 27.6971 26.5049 16.3274 38.7632 14.5059 12.8829 14.2695 12.2167 12.0399 14.2819 11.9036 11.6917 15.6351 11.6389 11.254 11.8544 10.9166 10.5628 10.5486 21.9175 11.3372 11.1765 10.317 9.95644 9.30185 9.25413
threshold=-121.27216588839597 5.5500000000000007 0.89444444444444449 2.0500000000000003 0.31666666666666671 1502.7758342576014 1.0000000180025095e-35 3.1214285714285719 0.78888888888888908 297.3727528399242 2.4500000000000006 1.0500000000000003 8.0830364929076968 1.5857142857142861 2.183333333333334 0.29285714285714287 1.4722222222222225 -0.35416666666666669 0.10555555555555557 1.0000000180025095e-35 -2.0833333333333326 2.183333333333334 1506.0808642456443 2.3541666666666674 1475.8577018906983 1470.3209634610105 0.29285714285714287 1487.3697210072803 0.78888888888888908 1620.1867935694816
decision_type=2 2 2 2 2 2 2 2 2 2 2 2 2 2 2 2 2 2 2 2 2 2 2 2 2 2 2 2 2 2
left_child=6 2 12 21 8 -6 9 15 18 11 -11 28 13 -2 20 -8 -17 -18 19 26 -10 22 23 24 -4 -26 -5 -27 -1 -13
right_child=1 -3 3 4 5 -7 7 -9 14 10 -12 29 -14 -15 -16 16 17 -19 -20 -21 -22 -23 -24 -25 25 27 -28 -29 -30 -31
leaf_value=0.0051696845006875027 0.0012875506145281913 0.081524509156034111 -0.0028143649471205137 -0.021740935773899159 0.015046689405720286 0.079446084737777714 0.0043925486688191689 0.07700964851235903 0.03462658783509618 0.027131740951279956 -0.011955896970526927 0.023088672218234157 -0.0069938487264560078 0.044788457495583731 -0.033250389155000448 0.01162509905134744 0.021879519535035925 0.069060607791740322 0.038681523672018492 0.028433357950832162 -0.0032869584163159344 0.0049012808647326466 -0.0032136175397266689 0.046269586858236129 -0.0059277824267906995 0.025880851185923495 0.011187667895841306 0.0063222204693331591 -0.0087130542125466257 0.0060304594359704457
leaf_weight=274 133 20 915 38 46 24 149 26 20 126 28 111 2037 21 29 93 28 26 38 48 197 669 3760 26 160 75 60 462 214 278
leaf_count=274 133 20 915 38 46 24 149 26 20 126 28 111 2037 21 29 93 28 26 38 48 197 669 3760 26 160 75 60 462 214 278
internal_value=1.76997e-05 -0.00148838 -0.00168724 -0.000256233 0.00899908 0.0379345 0.00978275 0.0195977 0.00421159 0.00670135 0.0199936 0.00434714 -0.00597426 0.00747018 -0.00372944 0.0143124 0.0242696 0.045439 0.0147912 0.00835228 0.000350186 -0.00102035 -0.00175502 0.00159309 0.000844266 0.00564436 -0.0016712 0.0090969 -0.000923606 0.0109447
internal_weight=10131 8778 8758 6567 500 70 1353 322 430 1031 154 877 2191 154 246 296 147 54 184 146 217 6067 5398 1638 1612 697 98 537 488 389
internal_count=10131 8778 8758 6567 500 70 1353 322 430 1031 154 877 2191 154 246 296 147 54 184 146 217 6067 5398 1638 1612 697 98 537 488 389
is_linear=0
shrinkage=0.05


Tree=35
num_leaves=31
num_cat=0
split_feature=0 8 1 7 8 1 13 12 1 8 7 9 9 8 1 4 9 3 5 7 4 8 8 0 1 7 8 3 9 10
split_gain=45.8425 32.447 31.7268 25.2688 20.7332 19.7312 18.9636 18.1195 13.4358 22.479 11.9181 14.3365 22.3913 11.7776 16.84 11.7571 24.1897 23.2175 11.728 10.2227 10.1208 9.86476 9.68439 9.15427 8.73523 8.41258 9.3616 8.3979 8.25052 8.14383
threshold=1392.1592786144327 5.5500000000000007 1375.0280314116874 1.7638888888888891 3.3666666666666671 1729.877854393497 1.0000000180025095e-35 0.23611111111111119 1535.2011178142427 0.95000000000000007 1.6833333333333336 0.68333333333333346 1.1833333333333336 0.64583333333333337 1706.1904676404736 0.18333333333333338 1.3875000000000002 212.25245289468447 0.2678571428571429 0.58571428571428574 0.38750000000000007 2.7888888888888892 0.78888888888888908 1680.7380388195111 1542.2265207765583 1.3166666666666669 1.4722222222222225 34.455514664178061 3.4142857142857146 1.0000000180025095e-35
decision_type=2 2 2 2 2 2 2 2 2 2 2 2 2 2 2 2 2 2 2 2 2 2 2 2 2 2 2 2 2 2
left_child=2 3 19 6 7 10 13 22 25 -10 11 -4 21 -2 28 16 -12 -17 29 -1 -16 -13 -5 -24 -11 26 -8 -21 -15 -14
right_child=1 -3 5 4 -6 -7 8 -9 9 24 15 12 18 14 20 17 -18 -19 -20 27 -22 -23 23 -25 -26 -27 -28 -29 -30 -31
leaf_value=-0.016418704980062048 -0.01062488664587655 0.058155265709628236 -0.022328568009599564 -0.0025172844085006333 0.044233263787182592 0.054254294198119279 -0.0032170343553071887 -0.0061597232477316726 -0.0024530599856695682 0.044301341935668308 -0.0056101636823128777 0.023025410894252776 0.03306190823786892 -0.0035903910145907293 -0.0057576940212722711 0.014415189297869802 0.051099985009380455 0.076287138526295803 -0.0030777746862401078 0.0174545601528018 0.022919155226677267 0.060450971082207705 0.0086477875613639142 -0.0077565737888621901 0.01248307006667581 -0.01027916051612595 0.0068834625102430743 -0.0058741962742460997 -0.01683751892621729 0.0055196086595219289
leaf_weight=102 647 22 30 302 30 32 700 422 382 22 53 134 47 4219 45 33 28 28 182 65 94 20 1161 91 406 240 340 92 120 62
leaf_count=102 647 22 30 302 30 32 700 422 382 22 53 134 47 4219 45 33 28 28 182 65 94 20 1161 91 406 240 340 92 120 62
internal_value=-0.000105124 -0.00115867 0.010609 -0.00130648 0.00365623 0.0165061 -0.00268658 0.00301812 0.00132705 0.00636254 0.0144637 0.0106243 0.012891 -0.0043233 -0.00341066 0.0271426 0.0143774 0.0435878 0.00469683 -0.00417471 0.0136605 0.0282445 0.00551279 0.00745022 0.014218 -0.00186195 8.84915e-05 0.00383355 -0.00396055 0.0175882
internal_weight=10151 9243 908 9221 2006 649 7215 1976 2090 810 617 475 445 5125 4478 142 81 61 291 259 139 154 1554 1252 428 1280 1040 157 4339 109
internal_count=10151 9243 908 9221 2006 649 7215 1976 2090 810 617 475 445 5125 4478 142 81 61 291 259 139 154 1554 1252 428 1280 1040 157 4339 109
is_linear=0
shrinkage=0.05


Tree=36
num_leaves=31
num_cat=0
split_feature=2 8 7 9 3 8 12 1 1 9 1 13 12 3 6 6 7 8 1 12 3 7 2 3 8 9 12 10 1 6
split_gain=47.2457 31.4664 38.1034 46.4043 23.1982 16.8324 18.9152 14.2012 11.8227 11.647 11.6013 10.0105 10.3669 16.9722 20.1954 9.82935 9.61772 12.5893 12.3778 12.13 11.9564 9.47206 17.287 15.377 11.271 13.6363 10.9777 9.38119 12.6016 17.8518
threshold=-135.27368037746655 3.8166666666666669 1.3875000000000002 1.788888888888889 396.34811285793597 0.78888888888888908 1.535714285714286 1411.5920232444846 1436.7786605943918 3.9500000000000006 1512.7567413356112 1.0000000180025095e-35 -1.732142857142857 96.842194049150081 0.95000000000000007 1.7071428571428573 1.7321428571428574 1.2361111111111114 1706.1904676404736 -3.1249999999999996 10.703829688963426 1.2928571428571431 -284.86784649343753 354.11135281467449 0.78888888888888908 0.68333333333333346 -1.2361111111111109 0.2678571428571429 1631.2971218512255 0.95000000000000007
decision_type=2 2 2 2 2 2 2 2 2 2 2 2 2 2 2 2 2 2 2 2 2 2 2 2 2 2 2 2 2 2
left_child=4 5 8 -4 7 -2 9 -1 -3 11 -9 16 13 14 -13 -11 18 -18 19 -7 -19 22 -12 24 25 -23 -24 -26 29 -29
right_child=1 2 3 -5 -6 6 -8 10 -10 15 21 12 -14 -15 -16 -17 17 20 -20 -21 -22 23 26 -25 27 -27 -28 28 -30 -31
leaf_value=-0.029930403828620913 -0.0059479346616544901 0.020472754200454801 0.095214393831068472 0.0014170198235660793 0.044817790360086499 0.026396236009895803 -0.0081022184345641533 0.02539794785445746 -0.021577983177267016 -0.022457365244136829 0.029565032783430069 0.075490028340192084 0.0029355205814994476 -0.011852330114278529 0.012990277052934594 0.01239752581772896 -0.0015039496493613749 0.039562081090886804 0.020444317173302896 -0.0023819018920202117 0.0083234471078650688 0.016331585950177651 0.016821131922981954 -0.022531247322580647 0.0083606893727989576 -0.03663044556115682 -0.015421165016465892 0.01797772327408893 0.011762751522184761 0.062179943038201013
leaf_weight=23 1803 31 30 23 44 36 740 97 34 94 34 20 1737 26 35 25 412 33 61 3579 322 22 32 34 407 25 133 63 160 36
leaf_count=23 1803 31 30 23 44 36 740 97 34 94 34 20 1737 26 35 25 412 33 61 3579 322 22 32 34 407 25 133 63 160 36
internal_value=-9.78446e-05 -0.00129342 0.0242483 0.0552899 0.00963253 -0.00163387 -0.000540731 0.00813959 -0.00151669 0.000337439 0.00900697 0.000633075 0.00375748 0.0211333 0.0366597 -0.0150926 -0.000645938 0.0044433 -0.00170873 -0.00208809 0.0113303 0.00730124 -0.00238281 0.0098808 0.0114558 -0.0120159 -0.00910445 0.0131277 0.0205578 0.0345123
internal_weight=10151 9041 118 53 1110 8923 7120 1066 65 6380 1043 6261 1818 81 55 119 4443 767 3676 3615 355 946 199 747 713 47 165 666 259 99
internal_count=10151 9041 118 53 1110 8923 7120 1066 65 6380 1043 6261 1818 81 55 119 4443 767 3676 3615 355 946 199 747 713 47 165 666 259 99
is_linear=0
shrinkage=0.05


Tree=37
num_leaves=31
num_cat=0
split_feature=2 3 13 6 7 12 9 2 7 1 0 3 0 5 4 1 6 11 11 2 0 11 4 9 3 12 1 1 1 7
split_gain=42.6759 20.9916 19.4251 50.9843 49.8367 16.0227 14.9748 13.6878 13.1604 12.8637 10.8719 14.042 10.7383 10.7163 15.9742 9.2838 9.09099 8.4535 12.6192 13.488 9.68707 10.3115 8.74921 8.24182 8.63691 8.0608 8.03102 8.99105 9.22246 8.81485
threshold=-135.27368037746655 396.34811285793597 1.0000000180025095e-35 0.35416666666666669 1.3875000000000002 -3.1249999999999996 1.3541666666666667 -17.032344079528112 0.86607142857142871 1411.5920232444846 1392.1592786144327 354.11135281467449 1384.8360287797088 0.58571428571428574 0.18333333333333338 1460.8490792452428 2.0500000000000003 0.31666666666666671 0.23611111111111113 -59.024409548153351 1608.3309360552541 0.73214285714285732 0.10555555555555557 3.5277777777777781 8.0830364929076968 2.0714285714285716 1495.6073119970363 1514.4243109456813 1525.7896031390135 2.4500000000000006
decision_type=2 2 2 2 2 2 2 2 2 2 2 2 2 2 2 2 2 2 2 2 2 2 2 2 2 2 2 2 2 2
left_child=1 9 5 4 7 6 -2 -4 23 -1 11 13 15 -11 -15 -10 -12 18 22 26 -19 -22 -14 24 -7 -5 -20 -28 -29 -30
right_child=2 -3 3 25 -6 8 -8 -9 12 10 16 -13 17 14 -16 -17 -18 20 19 -21 21 -23 -24 -25 -26 -27 27 28 29 -31
leaf_value=-0.028496239608891 0.0013514610421326426 0.042626697799035662 0.041053235089487355 0.0018084519813309408 0.1008729104101658 0.0082744708473766505 0.051486336181943239 -0.012030037836386608 0.018047698124502905 0.014435093597737406 0.0035743032647096809 -0.012954690823188196 -0.018186071226644573 0.012659316995378698 0.063945374749600895 -0.012816154500169138 0.031738983194033309 -0.009558986286071729 0.041233263980774655 -6.5511270988576138e-06 -0.0042009856474803679 0.014754773496075513 -0.0031095184138816468 -0.019710834513835866 -0.0068675618729268266 -0.010392390688477488 -0.019651337385177613 0.042831969362768257 0.0054611823041533589 0.033168221603740347
leaf_weight=23 35 44 22 2541 24 100 25 25 116 264 651 38 102 32 29 30 29 678 20 1462 302 93 1480 115 1426 142 24 21 226 32
leaf_count=23 35 44 22 2541 24 100 25 25 116 264 651 38 102 32 29 30 29 678 20 1462 302 93 1480 115 1426 142 24 21 226 32
internal_value=-9.11276e-05 0.0091567 -0.00122741 0.00227377 0.0437954 -0.00276121 0.0227426 0.0131551 -0.00301056 0.00773654 0.00856207 0.015539 -0.00163484 0.0189001 0.0376793 0.0116618 0.00482029 -0.0020746 -0.000842277 0.00203896 -0.00593715 0.000288005 -0.00409246 -0.00685186 -0.00587052 0.00115908 0.011269 0.00916204 0.0117019 0.00901251
internal_weight=10151 1110 9041 2754 71 6287 60 47 6227 1066 1043 363 4586 325 61 146 680 4440 3367 1785 1073 395 1582 1641 1526 2683 323 303 279 258
internal_count=10151 1110 9041 2754 71 6287 60 47 6227 1066 1043 363 4586 325 61 146 680 4440 3367 1785 1073 395 1582 1641 1526 2683 323 303 279 258
is_linear=0
shrinkage=0.05


Tree=38
num_leaves=31
num_cat=0
split_feature=2 8 7 9 3 8 12 1 9 9 1 5 6 7 2 3 8 9 12 3 6 10 1 6 2 6 12 12 8 1
split_gain=38.5493 26.9363 33.2478 41.4001 18.9946 15.0874 16.192 11.6523 11.1738 10.1861 10.0681 10.597 9.17862 8.84345 15.4178 13.2135 10.2034 12.3191 9.11838 9.5277 8.82706 8.16748 11.0977 16.1754 11.2604 9.65854 10.1285 12.2802 9.31526 8.38671
threshold=-135.27368037746655 3.8166666666666669 1.3875000000000002 1.788888888888889 396.34811285793597 0.78888888888888908 1.535714285714286 1411.5920232444846 2.7638888888888893 3.9500000000000006 1505.4127281164599 0.29285714285714287 3.5500000000000003 1.2928571428571431 -284.86784649343753 354.11135281467449 0.78888888888888908 0.68333333333333346 -1.5277777777777775 192.55052145464995 1.7071428571428573 0.2678571428571429 1631.2971218512255 0.95000000000000007 -209.26533229686819 1.4722222222222225 -2.7083333333333326 -3.9285714285714279 1.5857142857142861 1658.8460421738744
decision_type=2 2 2 2 2 2 2 2 2 2 2 2 2 2 2 2 2 2 2 2 2 2 2 2 2 2 2 2 2 2
left_child=4 5 8 -4 7 -2 9 -1 -3 12 11 -9 -7 14 -12 16 17 -15 -16 -20 -11 25 23 24 -23 26 27 -18 -29 -24
right_child=1 2 3 -5 -6 6 -8 10 -10 20 13 -13 -14 15 18 -17 21 -19 19 -21 -22 22 29 -25 -26 -27 -28 28 -30 -31
leaf_value=-0.027130794831706835 -0.0055640053222865762 -0.020522674217095804 0.089173542299578273 0.0006102971887836854 0.040542726355294385 0.00047064400356018214 -0.0074408144818844503 0.051144206753143899 0.020431225806955371 -0.021042276589984171 0.02760940619877407 0.012966345306485891 0.021769339573916562 0.01519588287109914 0.015794330072634283 -0.020925709461527213 0.00066516009616877957 -0.035149533846057381 -0.0039962109813297337 -0.030943723123098885 0.011982774548232556 0.042667679786682129 -0.0078981097194958817 0.05852695755861901 -0.00031111118965782225 0.022876819545802261 -0.0021401516054239539 0.0082480650749944522 0.053084360795288256 0.01775055017196021
leaf_weight=23 1803 35 30 23 44 6211 740 25 30 94 34 64 50 22 30 34 56 25 87 52 25 24 43 36 39 83 224 20 28 117
leaf_count=23 1803 35 30 23 44 6211 740 25 30 94 34 64 50 22 30 34 56 25 87 52 25 24 43 36 39 83 224 20 28 117
internal_value=-8.47423e-05 -0.00116469 0.022467 0.0514635 0.0087046 -0.00147968 -0.000444773 0.00735369 -0.0015977 0.000367719 0.0081394 0.0241396 0.000644183 0.006623 -0.00262613 0.00912327 0.0105753 -0.011758 -0.00883565 -0.0142263 -0.0140622 0.0121572 0.0191031 0.0321974 0.0164726 0.00774439 0.00385725 0.0166721 0.0349522 0.0108512
internal_weight=10151 9041 118 53 1110 8923 7120 1066 65 6380 1043 89 6261 954 203 751 717 47 169 139 119 670 259 99 63 411 328 104 48 160
internal_count=10151 9041 118 53 1110 8923 7120 1066 65 6380 1043 89 6261 954 203 751 717 47 169 139 119 670 259 99 63 411 328 104 48 160
is_linear=0
shrinkage=0.05


Tree=39
num_leaves=31
num_cat=0
split_feature=2 8 3 8 1 1 0 3 5 4 8 12 9 5 9 2 3 4 3 9 6 9 12 9 6 3 6 12 4 8
split_gain=34.8668 24.7132 17.1815 16.8098 14.4221 10.5585 9.33202 11.7218 9.44137 14.3213 9.25421 9.20113 18.3482 14.6565 13.088 8.59578 13.2902 15.2495 10.7036 17.7178 10.5223 10.2484 9.35634 7.73902 7.72322 7.48097 7.38285 8.89384 7.31332 16.3603
threshold=-135.27368037746655 5.5500000000000007 396.34811285793597 1.4142857142857144 1534.2011740730325 1411.5920232444846 1392.1592786144327 354.11135281467449 0.58571428571428574 0.18333333333333338 0.88194444444444453 -2.464285714285714 1.3541666666666667 0.38750000000000007 1.788888888888889 -156.28818323843061 145.41660613625689 0.47222222222222227 247.92501789822987 0.95000000000000007 1.1833333333333336 0.78888888888888908 -1.732142857142857 0.5277777777777779 2.0500000000000003 265.31013606696723 2.3166666666666669 -2.0833333333333326 0.2678571428571429 3.3666666666666671
decision_type=2 2 2 2 2 2 2 2 2 2 2 2 2 2 2 2 2 2 2 2 2 2 2 2 2 2 2 2 2 2
left_child=2 3 5 4 25 -1 7 8 -7 -10 23 12 13 -5 -14 18 22 20 21 -20 -18 -8 -17 -6 -12 26 27 -2 -13 -30
right_child=1 -3 -4 11 10 6 15 -9 9 -11 24 28 14 -15 -16 16 17 -19 19 -21 -22 -23 -24 -25 -26 -27 -28 -29 29 -31
leaf_value=-0.025830777059309185 0.021113274043256587 0.048538309782743455 0.038560636796885067 -0.035577018526585208 -0.012642728984432684 0.013089638890891845 0.0059870391827205136 -0.011826580801071266 0.011238974967802113 0.05976384729146958 0.0010191821161870689 -0.0012067116285098948 0.062760481834411616 0.013879861619843302 0.015342350696262561 0.026975053290908154 0.022757559118585458 -0.0098501205444335941 0.0011778007913380861 0.046701632142667815 0.063796700931225844 -0.010338085003868612 -0.007551414665649645 -0.0014431293908875951 0.010148837515071297 -0.012411133846339448 0.0035218222655868472 -0.0049957993949547161 0.003382752525509982 0.044257944166660311
leaf_weight=23 32 24 44 22 181 264 173 38 32 29 1239 1258 24 42 37 25 44 21 69 30 25 214 79 1014 284 286 297 3076 1201 24
leaf_count=23 32 24 44 22 181 264 173 38 32 29 1239 1258 24 42 37 25 44 21 69 30 25 214 79 1014 284 286 297 3076 1201 24
internal_value=-7.88875e-05 -0.00110596 0.00828011 -0.00124346 -0.0026205 0.00699529 0.00774321 0.0142069 0.0172778 0.0349 0.000143601 0.00214023 0.0153221 -0.00340673 0.03471 0.00427694 0.0131453 0.0271 0.000717152 0.015302 0.0383258 -0.00304367 0.000926078 -0.00314862 0.00272717 -0.00465542 -0.00400054 -0.00472028 0.00147072 0.00421902
internal_weight=10151 9041 1110 9017 6409 1066 1043 363 325 61 2718 2608 125 64 61 680 194 90 486 99 69 387 104 1195 1523 3691 3405 3108 2483 1225
internal_count=10151 9041 1110 9017 6409 1066 1043 363 325 61 2718 2608 125 64 61 680 194 90 486 99 69 387 104 1195 1523 3691 3405 3108 2483 1225
is_linear=0
shrinkage=0.05


Tree=40
num_leaves=31
num_cat=0
split_feature=8 1 12 5 5 5 7 1 0 8 10 10 9 0 9 0 6 3 12 5 0 9 8 3 3 7 9 9 6 0
split_gain=37.5914 26.5317 20.7317 27.8514 21.8737 24.9169 17.5585 26.2802 17.4658 17.0197 15.9873 19.1558 15.796 24.6905 22.1067 34.7682 22.9616 23.8203 15.5124 13.2417 13.4185 12.9694 12.847 11.9508 24.9603 11.391 11.3473 10.836 10.3686 9.96975
threshold=1.7321428571428574 1535.2011178142427 -2.1833333333333327 0.29285714285714287 0.76388888888888895 0.89444444444444449 1.5857142857142861 1505.4127281164599 1404.3061818208873 0.88194444444444453 0.38750000000000007 0.64583333333333337 1.788888888888889 1490.4719136267622 1.5634920634920637 1444.8741263485792 1.2111111111111115 223.91067356036743 -1.0499999999999996 0.41428571428571431 1392.1592786144327 1.0500000000000003 3.0500000000000003 92.215776935941463 52.178573909439827 1.1833333333333336 1.5857142857142861 0.78888888888888908 1.7638888888888891 1331.700548447943
decision_type=2 2 2 2 2 2 2 2 2 2 2 2 2 2 2 2 2 2 2 2 2 2 2 2 2 2 2 2 2 2
left_child=1 -1 3 -2 10 -6 21 -8 27 -3 18 12 13 14 16 -16 17 -12 19 20 26 -5 -20 24 -18 -22 -4 -9 -13 -11
right_child=2 9 4 6 5 -7 7 8 -10 29 11 28 -14 -15 15 -17 23 -19 22 -21 25 -23 -24 -25 -26 -27 -28 -29 -30 -31
leaf_value=-0.0041707429637997343 0.058183585842832543 -0.0031415361737375754 0.0511101157479995 0.017498381792231361 0.078209782050301643 0.004785039841576859 0.072135987992742623 0.05926203202794899 -0.0083658869727514691 -0.028753999314453129 0.0012762069475229509 -0.011320017675061937 0.00017786875816278572 -0.0053312438763966864 0.023144015770452886 0.098862703134571878 0.047382787873881851 0.035399332304950806 -0.00662907276888301 -0.01136420203557495 0.021982303920581384 -0.021717148334445324 -0.039305110840183316 0.063886604404875216 -0.014962695925854719 -0.023535591177642347 0.010061205319608704 0.015559909551997077 0.023679652918751043 0.0043347750496807351
leaf_weight=4562 38 1268 36 35 20 26 22 21 51 22 255 181 298 128 58 20 42 63 350 57 26 50 32 27 25 27 32 43 23 2375
leaf_count=4562 38 1268 36 35 20 26 22 21 51 22 255 181 298 128 58 20 42 63 350 57 26 50 32 27 25 27 32 43 23 2375
internal_value=-0.00013557 -0.00162611 0.00603669 0.0191725 0.00404799 0.0376936 0.012264 0.023279 0.0133912 0.00154159 0.00310487 0.00655188 0.00963641 0.0141897 0.0192895 0.0435647 0.0145993 0.00812623 -0.00378855 0.00837149 0.0176854 -0.00555387 -0.00946181 0.0361816 0.0242416 -0.00121249 0.0322188 0.0305908 -0.00727771 0.00401922
internal_weight=10213 8227 1986 260 1726 46 222 137 115 3665 1680 1120 916 618 490 78 412 318 560 178 121 85 382 94 67 53 68 64 204 2397
internal_count=10213 8227 1986 260 1726 46 222 137 115 3665 1680 1120 916 618 490 78 412 318 560 178 121 85 382 94 67 53 68 64 204 2397
is_linear=0
shrinkage=0.05


Tree=41
num_leaves=31
num_cat=0
split_feature=2 8 0 3 6 8 4 4 8 5 9 5 8 9 7 2 5 2 5 0 4 9 0 7 7 8 4 8 9 0
split_gain=37.9872 34.2054 39.3451 13.2131 11.4803 10.6034 14.098 20.6092 27.8866 17.2269 24.1469 36.471 15.9733 10.1733 16.838 11.4549 18.7706 9.75106 19.4677 9.5346 9.08514 8.61529 8.60853 8.41253 9.32853 7.70192 10.4884 12.8148 9.29248 11.5248
threshold=-69.379646836106517 3.7250000000000005 1361.6692402498768 59.759750420127951 0.29285714285714287 2.2111111111111117 0.2678571428571429 0.35416666666666669 3.2678571428571432 0.31666666666666671 1.788888888888889 0.23611111111111113 2.8452380952380958 0.58571428571428574 2.8166666666666669 -308.27270358582717 0.58571428571428574 -184.26781234216318 0.78888888888888908 1216.5734866002574 0.18333333333333338 3.5277777777777781 1469.8764220973683 1.2928571428571431 2.8660714285714293 0.5277777777777779 0.41428571428571431 1.1180555555555558 1.5857142857142861 1527.5158395648648
decision_type=2 2 2 2 2 2 2 2 2 2 2 2 2 2 2 2 2 2 2 2 2 2 2 2 2 2 2 2 2 2
left_child=1 13 4 5 -3 21 9 8 -8 10 11 -7 -11 23 15 16 19 -16 -19 -15 -18 25 -12 -1 -25 -2 -27 28 -28 -30
right_child=3 2 -4 -5 -6 6 7 -9 -10 12 22 -13 -14 14 17 -17 20 18 -20 -21 -22 -23 -24 24 -26 26 27 -29 29 -31
leaf_value=-0.020317259930743604 -0.0078868705787075079 0.029281168572294215 0.078164301007328671 -0.004092695715732112 -0.017175822518765926 0.0035683639791040198 0.015416171795434572 -0.0096726216856510422 0.083168732033421608 0.008612195868045092 -0.0073606172084128632 0.077688946122569713 -0.03987511226521747 0.0056091950053260443 0.053496044974487567 0.0036264452462735804 -0.028997663395817986 -0.014713714326973316 0.046048095105932309 0.046434019513006485 0.015519041505952678 -0.017289168673095764 0.026581586080349308 0.0030568960336444183 -0.029694902958969278 -0.0018078218245946992 -0.0017987097327622781 0.010598992907982489 -0.0067328834576850256 0.027338719150429826
leaf_weight=63 314 29 33 3518 23 41 43 30 23 29 123 27 39 20 25 1821 21 26 25 52 23 76 21 230 23 2223 734 455 40 63
leaf_count=63 314 29 33 3518 23 41 43 30 23 29 123 27 39 20 25 1821 21 26 25 52 23 76 21 230 23 2223 734 455 40 63
internal_value=-0.000126304 0.00535343 0.0363233 -0.0018229 0.00879652 4.28782e-05 0.00805069 0.0244795 0.0399158 0.0023509 0.00937671 0.033698 -0.0193716 0.00420804 0.00551716 0.00460304 0.0197718 0.028453 0.0153842 0.035326 -0.00589981 -0.000730033 -0.00226153 -0.00412252 -2.57271e-05 -0.00039693 0.00027421 0.00385516 0.000180881 0.0141695
internal_weight=10213 2414 85 7799 52 4281 376 96 66 280 212 68 68 2329 2013 1937 116 76 51 72 44 3905 144 316 253 3829 3515 1292 837 103
internal_count=10213 2414 85 7799 52 4281 376 96 66 280 212 68 68 2329 2013 1937 116 76 51 72 44 3905 144 316 253 3829 3515 1292 837 103
is_linear=0
shrinkage=0.05


Tree=42
num_leaves=31
num_cat=0
split_feature=2 8 0 3 0 8 7 9 7 1 2 5 1 7 2 5 3 4 0 0 8 3 8 12 1 5 9 7 8 8
split_gain=34.3088 30.9732 35.9911 12.713 11.2172 10.8576 11.9564 9.20256 15.2688 14.181 10.3602 16.9844 11.6628 9.87411 8.83572 17.6402 8.5035 8.23746 7.99373 19.2455 16.0878 12.9672 12.368 12.8667 9.25221 7.90141 9.18322 24.2481 9.87406 7.40839
threshold=-69.379646836106517 3.7250000000000005 1331.700548447943 205.65381226572291 1216.5734866002574 0.61250000000000016 0.18333333333333338 0.58571428571428574 2.8166666666666669 1554.6349534550259 -308.27270358582717 0.58571428571428574 1611.4067476825237 1.0500000000000003 -184.26781234216318 0.78888888888888908 12.467488919715835 0.18333333333333338 1471.7986657700328 1502.0638184936217 3.2678571428571432 45.502507032052115 4.8444444444444459 -2.9374999999999996 1460.8490792452428 0.5277777777777779 0.81666666666666676 1.0500000000000003 1.6125000000000003 2.4365079365079372
decision_type=2 2 2 2 2 2 2 2 2 2 2 2 2 2 2 2 2 2 2 2 2 2 2 2 2 2 2 2 2 2
left_child=1 7 4 5 -3 -2 16 9 10 -1 11 12 -9 -11 -10 -16 -7 -13 22 20 21 25 23 24 -8 26 27 -20 -28 -30
right_child=3 2 -4 -5 -6 6 18 8 14 13 -12 17 -14 -15 15 -17 -18 -19 19 -21 -22 -23 -24 -25 -26 -27 28 -29 29 -31
leaf_value=-0.036633405685424801 -0.0058852114119569698 0.0303293168787723 0.070073292843806437 -0.0084825856657698758 -0.017627221408586663 0.0041499859595205638 0.048127677610942297 0.0030241991960160111 0.050924120112680472 -0.026692901930073277 0.0034452224586953325 -0.027613684014332569 0.046723565994305355 0.0027600384255733472 -0.014005276422809671 0.043834242941095281 -0.027254928147717229 0.014775421097874643 0.0012386850240390474 -0.00070798481558245047 0.042664999112246499 -0.0024049805282984026 -0.039629789841685283 -0.0034688845340646647 0.00058009913634686245 -0.0075771831521957086 0.0050682406667053601 0.057833683741692871 0.025920222847419391 -0.0044303822647780182
leaf_weight=29 1026 22 38 639 25 31 20 22 25 31 1821 21 50 256 26 25 68 23 40 3585 30 307 22 1411 20 57 369 35 115 24
leaf_count=29 1026 22 38 639 25 31 20 22 25 31 1821 21 50 256 26 25 68 23 40 3585 30 307 22 1411 20 57 369 35 115 24
internal_value=-0.000118389 0.00508928 0.0345596 -0.00173075 0.00498472 -0.00112708 -0.000330379 0.00399935 0.00524446 -0.0039238 0.00437397 0.0187997 0.0335953 -0.000502927 0.0270854 0.0146452 -0.0174779 -0.0056198 -4.62362e-05 0.00098786 0.00720495 0.00603779 -0.00324741 -0.00266887 0.0249479 0.0100851 0.011822 0.0280631 0.00937374 0.0206856
internal_weight=10213 2414 85 7799 47 7160 6134 2329 2013 316 1937 116 72 287 76 51 99 44 6035 4562 977 947 1473 1451 40 640 583 75 508 139
internal_count=10213 2414 85 7799 47 7160 6134 2329 2013 316 1937 116 72 287 76 51 99 44 6035 4562 977 947 1473 1451 40 640 583 75 508 139
is_linear=0
shrinkage=0.05


Tree=43
num_leaves=31
num_cat=0
split_feature=2 0 7 9 3 0 7 1 0 7 7 10 12 12 12 9 0 5 9 7 6 1 13 1 0 6 1 1 7 4
split_gain=30.9868 11.763 30.852 11.8086 11.4778 11.1092 10.0763 10.9664 11.0049 11.889 11.182 11.9403 12.806 12.7106 11.1501 10.8174 9.21239 9.15036 9.06317 8.40369 10.815 9.89779 10.884 8.36436 7.74403 14.0438 24.7458 19.7703 11.2853 8.30156
threshold=-69.379646836106517 1424.3726073218866 2.3875000000000006 0.58571428571428574 205.65381226572291 1401.8818959920866 0.88194444444444453 1395.6179754621216 1418.3093506279886 2.0500000000000003 1.6458333333333337 0.31666666666666671 -1.0499999999999996 -3.1249999999999996 -2.7083333333333326 1.0500000000000003 1345.1365271491309 0.18333333333333338 1.8944444444444446 0.21111111111111114 0.21111111111111114 1507.3471790603701 1.0000000180025095e-35 1428.7258109144402 1433.0559650899179 0.58571428571428574 1545.5974445138797 1620.1867935694816 1.8944444444444446 0.29285714285714287
decision_type=2 2 2 2 2 2 2 2 2 2 2 2 2 2 2 2 2 2 2 2 2 2 2 2 2 2 2 2 2 2
left_child=1 2 3 -1 19 16 17 -8 9 10 11 12 13 -9 -12 -16 -4 23 24 -2 21 22 -21 -5 28 26 -26 -28 29 -3
right_child=4 18 5 6 -6 -7 7 8 -10 -11 14 -13 -14 -15 15 -17 -18 -19 -20 20 -22 -23 -24 -25 25 -27 27 -29 -30 -31
leaf_value=-0.018510229013521562 -0.012740730566808351 0.013964833643956063 0.045973582179458058 -0.0075318572754483858 -0.008059119016397746 0.07017972718762315 0.040345332945386572 -0.015404036376885203 0.033383575915782289 -0.018248840674225771 0.049663085062056779 0.015131016464373615 -0.017325156766699282 0.017333619566246249 0.039469510710073846 0.0006951833601025019 0.0017325234684077177 -0.013146882020341961 -0.026495192558677112 -0.013078506391577642 -0.0010359591768757462 0.044945129460614658 0.028271557067831361 0.037336630551587972 -0.015665968306935753 0.0024511152481272369 0.080405525897036909 0.016784946902965506 -0.042628210385076026 -0.020701362985757091
leaf_weight=43 150 38 26 20 639 22 29 42 43 41 29 179 85 95 26 54 21 91 26 33 6926 22 29 20 25 1358 21 29 21 30
leaf_count=43 150 38 26 20 639 22 29 42 43 41 29 179 85 95 26 54 21 91 26 33 6926 22 29 20 25 1358 21 29 21 30
internal_value=-0.000111348 0.00483779 0.00950097 0.00669649 -0.00164366 0.0413362 0.00815662 0.0108043 0.00929665 0.00735983 0.00945025 0.00556038 -0.00218973 0.00725836 0.02358 0.0136285 0.0266542 -0.00442131 0.00222461 -0.00107006 -0.000818553 0.0169084 0.0064044 0.0152659 0.0027323 0.00362358 0.0245415 0.0445582 -0.0114993 -0.00140745
internal_weight=10213 2414 866 797 7799 69 754 623 594 551 510 401 222 137 109 80 47 131 1548 7160 7010 84 62 40 1522 1433 75 50 89 68
internal_count=10213 2414 866 797 7799 69 754 623 594 551 510 401 222 137 109 80 47 131 1548 7160 7010 84 62 40 1522 1433 75 50 89 68
is_linear=0
shrinkage=0.05


Tree=44
num_leaves=31
num_cat=0
split_feature=8 1 11 9 8 9 3 0 7 8 12 0 4 8 12 2 7 4 2 1 4 0 7 12 1 8 5 10 9 12
split_gain=28.178 21.0255 16.59 19.228 24.6638 44.0671 44.9377 28.2389 14.9746 13.3198 12.501 12.3807 20.1644 16.2229 14.4766 14.0259 13.118 12.5454 11.8012 23.4551 15.4164 9.97945 9.64407 9.50787 9.59974 11.4424 8.05545 7.85078 7.74681 7.65496
threshold=1.7321428571428574 1535.2011178142427 0.31666666666666671 1.8166666666666669 3.7250000000000005 1.5857142857142861 71.093517836131255 1367.6232256802334 3.1714285714285722 0.88194444444444453 0.23611111111111119 1516.958262643675 0.31666666666666671 2.3166666666666669 -0.89444444444444426 -308.27270358582717 2.5634920634920637 0.18333333333333338 38.345195334471107 1366.5607307970888 0.31666666666666671 1331.700548447943 1.6833333333333336 -1.3666666666666663 1633.0284382676816 2.7888888888888892 0.58571428571428574 0.93750000000000011 3.5277777777777781 -1.2678571428571426
decision_type=2 2 2 2 2 2 2 2 2 2 2 2 2 2 2 2 2 2 2 2 2 2 2 2 2 2 2 2 2 2
left_child=1 28 3 4 8 6 -6 -8 10 27 11 12 15 14 -14 17 -17 26 29 -20 -21 -11 -16 -4 25 -25 -2 -3 -1 -5
right_child=2 9 23 18 5 -7 7 -9 -10 21 -12 -13 13 -15 22 16 -18 -19 19 20 -22 -23 -24 24 -26 -27 -28 -29 -30 -31
leaf_value=-0.0033008194932161658 0.030713660630087059 -0.0040996813354769049 0.021889390069991351 0.0090962387896219247 -0.038754876212736308 0.093398917765201386 0.011349040904481496 0.083484637413335894 0.047501159141150613 -0.029170004956667189 -0.008455293207979676 -0.0075957480501191513 -0.007234263960272074 0.070019750229336999 0.019792263753908246 0.0073476047635840092 -0.029586455802898856 0.056012258137127874 -0.0049361275234259669 0.054557864780764326 0.0016283001305292481 0.0039328151491133095 0.06310290520389876 -0.0013716926877086442 -0.039459339800206106 -0.03231637762749897 -0.0083253188834836091 0.0084550287056897235 -0.015507573970774216 -0.010645305803490749
leaf_weight=4429 29 1129 29 60 25 23 34 22 23 22 109 96 29 21 37 644 24 26 99 36 22 2375 20 247 21 33 23 139 133 254
leaf_count=4429 29 1129 29 60 25 23 34 22 23 22 109 96 29 21 37 644 24 26 99 36 22 2375 20 247 21 33 23 139 133 254
internal_value=-0.000104275 -0.00139476 0.00523958 0.00727907 0.0106734 0.033822 0.0159724 0.0406555 0.00841711 0.00142513 0.0075234 0.00936565 0.0112812 0.0314877 0.0213821 0.00834468 0.00597839 0.0282776 -0.00126526 0.00988911 0.034849 0.00361696 0.0358149 -0.00498598 -0.00763921 -0.00512077 0.0136151 -0.00271784 -0.00366001 -0.00685613
internal_weight=10213 8227 1986 1656 1185 104 81 56 1081 3665 1058 949 853 107 86 746 668 78 471 157 58 2397 57 330 301 280 52 1268 4562 314
internal_count=10213 8227 1986 1656 1185 104 81 56 1081 3665 1058 949 853 107 86 746 668 78 471 157 58 2397 57 330 301 280 52 1268 4562 314
is_linear=0
shrinkage=0.05


Tree=45
num_leaves=31
num_cat=0
split_feature=12 2 7 8 7 6 6 0 2 11 11 9 3 9 8 0 2 11 3 6 0 12 5 6 12 8 9 7 5 6
split_gain=32.0375 22.9448 16.8862 21.3735 13.7631 13.8365 13.9976 10.897 10.442 9.06134 13.3803 23.8801 17.2109 23.5356 23.9966 12.7805 11.8426 11.1802 10.0375 11.9691 9.08634 9.03333 18.6071 11.9015 8.73232 11.6322 8.85252 9.18376 8.50024 16.7783
threshold=-4.7499999999999991 30.969088545583762 1.8944444444444446 3.3666666666666671 3.1055555555555561 1.7321428571428574 2.8166666666666669 1413.7538198350608 -47.616262145290641 0.2678571428571429 0.31666666666666671 1.7071428571428573 252.18040315394288 1.5857142857142861 2.4365079365079372 1265.8059357081186 18.497957053657277 0.47222222222222227 15.798965696452912 1.2361111111111114 1323.2857891790322 -1.2361111111111109 0.11805555555555557 1.9500000000000002 -1.732142857142857 2.7888888888888892 1.4722222222222225 1.8944444444444446 0.15476190476190479 0.95000000000000007
decision_type=2 2 2 2 2 2 2 2 2 2 2 2 2 2 2 2 2 2 2 2 2 2 2 2 2 2 2 2 2 2
left_child=2 4 7 -4 9 -6 8 -1 -7 21 11 12 13 28 18 -14 24 -18 -15 -20 -17 22 -2 -24 -12 26 -26 -28 29 -11
right_child=1 -3 3 -5 5 6 -8 -9 -10 10 16 -13 15 14 -16 20 17 -19 19 -21 -22 -23 23 -25 25 -27 27 -29 -30 -31
leaf_value=-0.019638921417619873 0.044910355313466148 -0.0029250592074743743 0.018437114865942437 0.080917516140267265 -0.00020631666231406959 0.07058564713597297 0.0037670190446078781 0.029052746255436669 0.022972196280956272 -0.0039866746967891237 0.020070902107101753 -0.0063536387549941141 -0.0030774375316328728 -0.0073811318230582405 0.072027290922900042 0.063806464049654704 0.048402056993827935 0.0063105023563063403 0.013496328444313822 0.057397274728017783 0.025336730654588809 -0.0035769445189650327 0.0036346155184160387 -0.021683250838890673 -0.0050229449853507876 -0.039430615526031366 0.0028096964186713662 0.036864997548135846 0.0040408656485379085 0.04028175952745245
leaf_weight=22 25 4186 32 24 62 24 29 22 24 39 40 375 25 31 23 23 20 65 56 21 50 1317 648 49 845 21 200 21 1706 46
leaf_count=22 25 4186 32 24 62 24 29 22 24 39 40 375 25 31 23 23 20 65 56 21 50 1317 648 49 845 21 200 21 1706 46
internal_value=0.000178007 -0.000105796 0.0281968 0.0461643 0.00193436 0.0174211 0.0314353 0.00481151 0.0477336 0.00155007 0.00305579 0.00522144 0.00737236 0.00632138 0.0267007 0.0277123 -0.00122445 0.0166621 0.0164755 0.0260517 0.0381558 -0.00111375 0.00337811 0.00182622 -0.00258706 -0.00343852 -0.00269319 0.0061972 0.0048167 0.0201602
internal_weight=10071 9971 100 56 5785 139 77 44 48 5646 3607 2395 2020 1922 131 98 1212 85 108 77 73 2039 722 697 1127 1087 1066 221 1791 85
internal_count=10071 9971 100 56 5785 139 77 44 48 5646 3607 2395 2020 1922 131 98 1212 85 108 77 73 2039 722 697 1127 1087 1066 221 1791 85
is_linear=0
shrinkage=0.05


Tree=46
num_leaves=31
num_cat=0
split_feature=12 2 7 8 7 11 1 0 10 10 9 9 3 5 8 6 8 8 9 2 8 8 12 8 0 0 4 8 6 8
split_gain=29.025 20.7426 15.2993 19.3771 12.4733 12.8335 17.8972 25.8506 10.133 11.1582 19.4818 16.262 24.3121 14.7635 13.1384 14.7089 12.7502 18.2534 12.4611 10.6985 10.5787 13.6651 9.91861 15.8005 9.87959 9.45881 23.0176 26.3864 11.1319 11.9808
threshold=-4.7499999999999991 30.969088545583762 1.8944444444444446 3.3666666666666671 3.1055555555555561 0.23611111111111113 1539.848677997584 1557.9830765826525 0.47222222222222227 0.35416666666666669 1.7071428571428573 1.5857142857142861 252.18040315394288 0.15476190476190479 2.0500000000000003 1.5857142857142861 2.4365079365079372 1.9500000000000002 0.5634920634920636 -43.189702498213016 1.8944444444444446 2.4365079365079372 -1.2678571428571426 2.9500000000000006 1413.7538198350608 1500.0049912448576 0.2678571428571429 2.4365079365079372 1.8819444444444446 1.5857142857142861
decision_type=2 2 2 2 2 2 2 2 2 2 2 2 2 2 2 2 2 2 2 2 2 2 2 2 2 2 2 2 2 2
left_child=2 4 24 -4 8 -6 -7 -8 9 13 11 12 25 20 15 -13 17 -14 -15 -16 -2 -22 -20 -24 -1 26 -11 28 29 -28
right_child=1 -3 3 -5 5 6 7 -9 -10 10 -12 14 16 18 19 -17 -18 -19 22 -21 21 -23 23 -25 -26 -27 27 -29 -30 -31
leaf_value=-0.018699668995712116 0.0042596995630966765 -0.0027788411951350407 0.017543195097735435 0.077033477246761323 -0.0042900827941389722 0.002318761777008526 0.082154388955006236 0.011148051917552949 -0.0037612032514154647 -0.00018142439266363708 -0.0056840123249913919 0.003887059177044606 0.038278783805182452 -0.011092603897757843 0.019445454896915529 0.05067223269891527 0.065193242579698565 -0.015744729852303862 0.0053346335642543907 0.071892913608323963 0.061100509924348449 0.0067263158260966131 -0.0013014832751787493 -0.039938848410491591 0.027663267468628679 0.0003546928169445606 0.0058084735504973662 0.068800172345204788 0.038645979789036673 0.025892635194274288
leaf_weight=22 62 4186 32 24 48 40 25 26 793 483 380 85 45 266 20 20 20 23 677 20 24 22 1330 26 22 865 332 21 37 95
leaf_count=22 62 4186 32 24 48 40 25 26 793 483 380 85 45 266 20 20 20 23 677 20 24 22 1330 26 22 865 332 21 37 95
internal_value=0.000171846 -9.82847e-05 0.0268408 0.0439432 0.0018415 0.0165848 0.0275226 0.0468656 0.00147566 0.00233198 0.00470957 0.0066231 0.00539721 -8.50863e-05 0.0227158 0.0131925 0.0309214 0.0200428 -0.000937159 0.0467831 0.0178952 0.0357919 0.000396391 -0.0020712 0.00458139 0.00415563 0.00754825 0.0152306 0.0126634 0.0103269
internal_weight=10071 9971 100 56 5785 139 91 51 5646 4853 2446 2066 1921 2407 145 105 88 68 2299 40 108 46 2033 1356 44 1833 968 485 464 427
internal_count=10071 9971 100 56 5785 139 91 51 5646 4853 2446 2066 1921 2407 145 105 88 68 2299 40 108 46 2033 1356 44 1833 968 485 464 427
is_linear=0
shrinkage=0.05


Tree=47
num_leaves=31
num_cat=0
split_feature=12 8 8 5 1 9 7 8 8 11 11 1 0 2 1 6 6 8 9 6 0 9 8 5 8 9 1 1 1 0
split_gain=26.5223 20.6814 28.7085 19.6427 17.4315 16.4768 18.4063 13.5784 13.5648 10.8456 17.1433 13.0897 12.5541 16.7051 11.6542 10.2806 23.34 14.8212 9.73809 9.30466 15.9884 16.1456 9.17951 8.80595 22.1347 22.4241 20.3372 11.9204 13.4608 11.8545
threshold=-2.7083333333333326 2.8452380952380958 4.3166666666666673 0.29285714285714287 1473.0978818138753 1.9500000000000002 3.1714285714285722 1.2111111111111115 3.3666666666666671 0.2678571428571429 0.31666666666666671 1754.9578713036665 1265.8059357081186 -144.59868900814726 1642.334538823585 1.7321428571428574 2.8166666666666669 0.95000000000000007 0.68333333333333346 1.1833333333333336 1384.8360287797088 1.0500000000000003 1.2928571428571431 0.47222222222222227 3.0500000000000003 1.4722222222222225 1547.8653819622255 1555.8907135882207 1472.3214691149929 1464.8591032985553
decision_type=2 2 2 2 2 2 2 2 2 2 2 2 2 2 2 2 2 2 2 2 2 2 2 2 2 2 2 2 2 2
left_child=1 3 4 -1 -3 6 7 -2 -6 18 11 12 -11 14 19 22 17 -17 -9 20 21 -14 -8 24 27 -26 29 28 -15 -25
right_child=5 2 -4 -5 8 -7 15 9 -10 10 -12 -13 13 23 -16 16 -18 -19 -20 -21 -22 -23 -24 26 25 -27 -28 -29 -30 -31
leaf_value=0.04151236961994853 -0.0014914768687401053 0.011571971157735046 -0.011098109709995765 0.0015693533088439347 0.038076401145663116 -0.0051724974501583679 -0.021590349227190019 -0.014702782764422107 0.093993824534118184 -0.021851182757462895 -0.0014660372077767193 0.042505456177793721 0.069796362643440565 0.0016171725167608037 0.0038838466235364862 0.020846697382096734 -0.0039697059150785212 0.073409288183882315 0.00034348052710835898 0.061585329877941512 -0.012349668619307606 0.016510922540175287 0.018577825716188687 -0.024834770371059054 0.0068659545410247082 0.081218506537732632 0.013783325178282603 -0.01103627049051744 0.016218578718587225 -0.0015464757559630945
leaf_weight=34 4758 21 26 256 24 1494 24 119 23 35 723 26 23 290 51 27 34 28 1035 22 21 37 32 75 20 20 174 78 346 195
leaf_count=34 4758 21 26 256 24 1494 24 119 23 35 723 26 23 290 51 27 34 28 1035 22 21 37 32 75 20 20 174 78 346 195
internal_value=0.000166136 0.0130362 0.0332915 0.00637889 0.0501789 -0.000345337 0.000535423 0.000216214 0.0668284 0.00268558 0.00479492 0.00799727 0.00732024 0.00809101 0.0235436 0.0181298 0.028596 0.0484389 -0.00121947 0.0331471 0.0247663 0.0377464 0.00128613 0.00608664 0.00937265 0.0451164 0.00049782 0.0073099 0.0095737 -0.00808322
internal_weight=10071 384 94 290 68 9687 8193 8048 47 3290 2136 1413 1387 1352 154 145 89 55 1154 103 81 60 56 1198 754 40 444 714 636 270
internal_count=10071 384 94 290 68 9687 8193 8048 47 3290 2136 1413 1387 1352 154 145 89 55 1154 103 81 60 56 1198 754 40 444 714 636 270
is_linear=0
shrinkage=0.05


Tree=48
num_leaves=31
num_cat=0
split_feature=12 2 7 8 7 11 1 0 5 10 10 5 3 0 2 1 7 8 8 1 1 2 12 8 12 8 7 0 5 6
split_gain=24.1013 17.6253 13.9047 16.499 10.2176 11.79 15.9579 23.3641 9.2682 8.70058 9.34012 13.3011 12.4966 16.8432 14.0822 10.2842 10.9568 9.53557 12.352 7.95346 7.86259 7.81335 7.93456 13.1436 7.24873 6.67273 21.8181 16.1291 6.1911 11.4372
threshold=-4.7499999999999991 30.969088545583762 1.8944444444444446 3.3666666666666671 3.1055555555555561 0.23611111111111113 1539.848677997584 1557.9830765826525 0.35416666666666669 0.47222222222222227 0.35416666666666669 0.15476190476190479 145.41660613625689 1265.8059357081186 -308.27270358582717 1621.7614122231753 1.2928571428571431 1.8944444444444446 2.4365079365079372 1768.1610365874328 1611.4067476825237 26.659463574014811 -1.2678571428571426 2.9500000000000006 2.0714285714285716 2.6458333333333335 1.1339285714285716 1410.9803427716868 0.68333333333333346 1.2928571428571431
decision_type=2 2 2 2 2 2 2 2 2 2 2 2 2 2 2 2 2 2 2 2 2 2 2 2 2 2 2 2 2 2
left_child=2 4 8 -4 9 20 -7 -8 -1 10 11 17 -12 -14 -15 16 -16 -2 -19 24 -6 22 25 -24 -3 -13 -27 -28 -17 -30
right_child=1 19 3 -5 5 6 7 -9 -10 -11 12 21 13 14 15 28 -18 18 -20 -21 -22 -23 23 -25 -26 26 27 -29 29 -31
leaf_value=-0.01829477024245231 0.0040733823264461197 -0.0020135066151011358 0.016395271095362578 0.071301030844449997 -0.028162802046253568 0.0017434667546029497 0.077339925359074899 0.0098716144346528596 0.02664467694068497 -0.0034815837990114897 0.0029899326041582246 0.0013099806114420232 -0.017936028644436268 0.051129072210912056 0.0076837410016552272 -0.0034563929064288026 0.041024895712325815 0.058073108296841383 0.0063781218987930093 0.026770203228554001 0.012034239141463206 0.025396498195394607 -0.0026659303344559876 -0.037875585785756512 -0.008898580622172832 0.057736309342410252 0.019754953635856512 -0.03279261252964321 0.033954400559397122 -0.012273925312218213
leaf_weight=23 62 3739 32 24 20 40 25 26 21 793 2142 691 36 28 45 83 55 24 22 22 28 27 1472 26 425 22 39 22 37 20
leaf_count=23 62 3739 32 24 20 40 25 26 21 793 2142 691 36 28 45 83 55 24 22 22 28 27 1472 26 425 22 39 22 37 20
internal_value=0.000160226 -8.59288e-05 0.0244622 0.0407644 0.00170216 0.0150459 0.025531 0.0437956 0.00326908 0.00137104 0.00216454 -4.68841e-05 0.00433983 0.0138103 0.0181255 0.0140789 0.026246 0.0170197 0.0340112 -0.00255687 -0.00494747 -0.000855672 -0.00117868 -0.00330191 -0.0027182 0.00292956 0.0162369 0.00058013 0.00526367 0.017802
internal_weight=10071 9971 100 56 5785 139 91 51 44 5646 4853 2407 2446 304 268 240 100 108 46 4186 48 2299 2272 1498 4164 774 83 61 140 57
internal_count=10071 9971 100 56 5785 139 91 51 44 5646 4853 2407 2446 304 268 240 100 108 46 4186 48 2299 2272 1498 4164 774 83 61 140 57
is_linear=0
shrinkage=0.05


Tree=49
num_leaves=31
num_cat=0
split_feature=12 8 8 1 8 1 8 1 9 11 11 3 8 0 9 7 6 7 9 9 2 1 9 7 12 7 0 4 5 12
split_gain=22.1629 17.1772 18.3162 16.2938 23.3531 14.6257 11.7118 12.7565 11.9486 11.8233 15.1 16.6052 12.7756 11.6935 9.70182 9.62659 9.32392 9.29926 8.90587 8.63958 7.99448 11.8025 10.9433 10.9297 7.36292 9.4087 9.16981 7.90617 10.1282 15.8859
threshold=-2.7083333333333326 2.2678571428571432 4.3166666666666673 1474.4672046808976 3.3666666666666671 1472.3214691149929 1.2928571428571431 1473.7126164258527 3.183333333333334 0.2678571428571429 0.31666666666666671 145.41660613625689 2.8660714285714293 1265.8059357081186 1.1833333333333336 1.5857142857142861 1.1833333333333336 1.4722222222222225 1.5857142857142861 0.68333333333333346 -308.27270358582717 1621.7614122231753 1.3875000000000002 1.2928571428571431 -1.5277777777777775 1.1833333333333336 1525.3985159084416 0.35416666666666669 0.5277777777777779 -0.35416666666666669
decision_type=2 2 2 2 2 2 2 2 2 2 2 2 2 2 2 2 2 2 2 2 2 2 2 2 2 2 2 2 2 2
left_child=1 14 3 -3 15 -2 -7 16 9 12 11 -11 19 -13 -1 -5 -8 -16 -12 -9 -15 22 23 -22 25 -21 -27 28 -26 -30
right_child=5 2 -4 4 -6 6 7 8 -10 10 18 13 -14 20 17 -17 -18 -19 -20 24 21 -23 -24 -25 27 26 -28 -29 29 -31
leaf_value=-0.0035734964366972962 -0.0031856809254462836 0.0042569367374692647 -0.012207539821112598 0.056254244081321216 0.087450953029717005 -0.00067757086936469672 0.0078171779587864875 -0.01257223524427151 -0.02586670074079718 0.0063844583851182584 -0.0037836385672137644 -0.01039263476803899 -0.034451343272147432 0.053592645159612096 0.0011462821365269117 0.014273868986340458 0.0532685283486816 0.034860316216945651 0.014336982743116095 0.034368367184485708 0.017370396024650996 0.0053912117174611642 0.0059825471336288115 0.059338879550612247 -0.009340450713307134 -0.001796221391915685 0.032044190734624861 0.0074300179274284055 0.031557211598070962 -0.015710218773493847
leaf_weight=158 3040 34 26 20 23 4055 24 118 34 933 444 24 27 23 42 42 21 39 79 34 26 64 27 42 286 100 24 191 41 30
leaf_count=158 3040 34 26 20 23 4055 24 118 34 933 444 24 27 23 42 42 21 39 79 34 26 64 27 42 286 100 24 191 41 30
internal_value=0.00015412 0.0119191 0.0254338 0.0336911 0.0452784 -0.000313434 0.00100047 0.00362489 0.00315227 0.00355502 0.00600796 0.00923509 -0.00123699 0.0220528 0.00364799 0.0284939 0.0297247 0.0176061 -0.00102435 -0.000108214 0.0263647 0.0221157 0.0332092 0.0437764 0.00198984 0.0114628 0.00495749 -0.000757304 -0.00514615 0.0116443
internal_weight=10071 384 145 119 85 9687 6647 2592 2547 2513 1662 1139 851 206 239 62 45 81 523 824 182 159 95 68 706 158 124 548 357 71
internal_count=10071 384 145 119 85 9687 6647 2592 2547 2513 1662 1139 851 206 239 62 45 81 523 824 182 159 95 68 706 158 124 548 357 71
is_linear=0
shrinkage=0.05


Tree=50
num_leaves=31
num_cat=0
split_feature=8 12 7 6 0 12 12 8 1 2 4 8 11 9 0 1 0 4 7 0 7 6 0 0 9 6 2 9 1 1
split_gain=30.5689 19.2021 13.9854 11.235 21.074 17.6942 18.335 13.6728 12.0385 14.4147 10.3833 10.0724 9.8551 18.7275 13.8267 13.8787 18.7176 17.0294 18.1807 16.1262 15.842 14.0206 16.132 11.1127 9.49019 13.4807 12.1978 8.96317 8.00546 7.46192
threshold=5.5500000000000007 -2.464285714285714 0.68333333333333346 0.88194444444444453 1384.8360287797088 -4.7499999999999991 -3.7083333333333326 1.8944444444444446 1690.3841908275824 -100.36797228609281 0.15476190476190479 1.5277777777777779 0.23611111111111113 0.68333333333333346 1216.5734866002574 1503.4290376951919 1533.2742704523832 0.31666666666666671 1.788888888888889 1483.2403368157463 1.6458333333333337 0.78888888888888908 1431.3608844108533 1485.8324351570852 1.4722222222222225 1.2928571428571431 -169.27972311575454 4.3166666666666673 1544.5496179377158 1584.2350178218435
decision_type=2 2 2 2 2 2 2 2 2 2 2 2 2 2 2 2 2 2 2 2 2 2 2 2 2 2 2 2 2 2
left_child=1 3 -3 8 -5 -6 -7 -8 9 -1 -11 29 13 -13 -14 27 17 20 19 -19 21 22 28 -20 25 26 -22 -16 -17 -4
right_child=-2 2 11 4 5 6 7 -9 -10 10 -12 12 14 -15 15 16 -18 18 23 -21 24 -23 -24 -25 -26 -27 -28 -29 -30 -31
leaf_value=0.0044758622676134112 0.057775363066922061 -0.0053158184893876449 -0.001804114264693262 -0.033675772031111752 0.046563131665741962 -0.026633081696927546 0.0039161603006068616 0.045348052293062213 0.050722076127735473 0.016986149611572424 0.060964787220987297 -0.030093205679770349 -0.031015382364392281 0.00088947420698507655 0.00061328261257078461 -0.006153754517436028 -0.0038417580895789751 -0.014720777094364167 0.081224089697003371 0.042205987900495533 0.0072657166128712036 0.0097649590761743899 0.055901585918162834 0.028983717819764498 0.02667098085467632 0.020031484684773854 -0.030154027297335156 0.033785844594240187 0.031119714038712637 0.0018621046548508401
leaf_weight=124 22 1254 4341 33 26 39 99 24 25 35 22 52 24 611 673 24 147 24 24 24 34 151 45 20 25 34 58 20 34 2039
leaf_count=124 22 1254 4341 33 26 39 99 24 25 35 22 52 24 611 673 24 147 24 24 24 34 151 45 20 25 34 58 20 34 2039
internal_value=0.000198104 6.67856e-05 -0.000392439 0.0104303 0.00257758 0.00908571 0.00282205 0.0123009 0.0188017 0.0141383 0.0347188 0.000342746 0.00341509 -0.0015822 0.00584885 0.00653327 0.0118119 0.0164402 0.0357676 0.0140231 0.0119725 0.0195729 0.0337194 0.0586502 -0.000856843 -0.00648571 -0.0163956 0.00161795 0.0158533 -0.00063231
internal_weight=10107 10085 9658 427 221 188 162 123 206 181 57 8404 2024 663 1361 1337 644 497 92 48 405 254 103 44 151 126 92 693 58 6380
internal_count=10107 10085 9658 427 221 188 162 123 206 181 57 8404 2024 663 1361 1337 644 497 92 48 405 254 103 44 151 126 92 693 58 6380
is_linear=0
shrinkage=0.05


Tree=51
num_leaves=31
num_cat=0
split_feature=8 12 7 5 12 7 6 12 5 8 12 9 7 3 12 3 3 3 1 10 5 8 3 2 9 4 1 9 4 2
split_gain=27.713 17.3926 12.629 10.4441 10.1507 22.8764 15.6245 17.6859 10.0611 9.81211 10.1689 11.3752 12.6431 15.5728 10.5535 9.92679 9.29938 12.8679 8.48236 10.2949 9.02209 8.64358 8.0733 8.06549 7.68045 7.67976 8.50965 17.4251 8.80204 13.5279
threshold=5.5500000000000007 -2.464285714285714 0.68333333333333346 0.29285714285714287 -5.4166666666666652 2.183333333333334 0.89444444444444449 -3.7083333333333326 0.18333333333333338 0.78888888888888908 1.2928571428571429 0.58571428571428574 3.1714285714285722 49.924580342762404 -1.3166666666666662 25.76834330706777 112.24907507885452 85.244502959843672 1568.6080247186053 0.13392857142857145 0.35416666666666669 4.2111111111111121 316.07806262279024 -100.36797228609281 0.95000000000000007 1.0000000180025095e-35 1575.9778543104408 0.78888888888888908 0.29285714285714287 -66.397040558276316
decision_type=2 2 2 2 2 2 2 2 2 2 2 2 2 2 2 2 2 2 2 2 2 2 2 2 2 2 2 2 2 2
left_child=1 3 -3 8 5 -5 23 -8 -1 -4 11 14 18 15 -11 -14 17 -16 19 20 -13 22 -21 -6 -15 -20 27 -27 -29 -30
right_child=-2 2 9 4 6 -7 7 -9 -10 10 -12 12 13 24 16 -17 -18 -19 25 21 -22 -23 -24 -25 -26 26 -28 28 29 -31
leaf_value=0.0077561770494167627 0.055012193354575536 -0.0050502392892777716 -0.0031142327584276954 -0.0013690674056609474 0.0086957689425484694 0.066199187917465527 -0.029490359752838105 0.0043363003519363702 0.052140429615974426 -0.024319551488062224 -0.0045396309347962033 0.0010718543131922171 0.022621478566101621 0.017736713183314903 -0.0034496327605184058 -0.025997435203975156 0.0079649704079307361 -0.034167271214537324 -0.015283173066046502 0.002270044640625381 -0.0087219295460023629 0.025427756068529563 -0.026273129761219028 0.035321052019030623 0.059026052072071115 0.056266852148110051 0.0045625921815761021 -0.015860768669733294 0.049895586786062825 0.0055170718575495159
leaf_weight=25 22 1254 1661 29 109 21 55 124 26 64 697 484 20 22 233 20 137 39 44 2795 456 39 24 38 25 23 1504 26 22 69
leaf_count=25 22 1254 1661 29 109 21 55 124 26 64 697 484 20 22 233 20 137 39 44 2795 456 39 24 38 25 23 1504 26 22 69
internal_value=0.000190393 6.53594e-05 -0.000371693 0.00992849 0.0070025 0.0277512 0.00374506 -0.00616346 0.030951 0.000326933 0.00117493 0.00183436 0.00246643 0.0212696 -0.00560234 -0.00172915 -0.00262131 -0.00796302 0.00216442 0.000853186 -0.00368339 0.00234604 0.00201781 0.0157706 0.0404713 0.00511244 0.00566727 0.0174181 0.00936909 0.0166717
internal_weight=10107 10085 9658 427 376 50 326 179 51 8404 6743 6046 5573 87 473 40 409 272 5486 3798 940 2858 2819 147 47 1688 1644 140 117 91
internal_count=10107 10085 9658 427 376 50 326 179 51 8404 6743 6046 5573 87 473 40 409 272 5486 3798 940 2858 2819 147 47 1688 1644 140 117 91
is_linear=0
shrinkage=0.05


Tree=52
num_leaves=31
num_cat=0
split_feature=8 8 1 4 4 9 1 6 9 7 6 7 6 3 13 8 7 1 3 6 4 7 1 8 3 8 7 7 9 9
split_gain=25.1246 13.463 11.6998 8.85667 32.4991 16.8634 12.4809 15.5318 9.91429 12.7071 14.1872 11.3347 9.49782 8.37302 16.59 21.8725 15.9958 14.9146 14.0388 13.9607 25.6849 21.0311 13.4166 12.8948 10.5389 10.3247 10.2613 13.83 9.19971 8.30084
threshold=5.5500000000000007 1.5277777777777779 1519.8044233734647 0.31666666666666671 0.38750000000000007 1.9500000000000002 1754.9578713036665 0.89444444444444449 0.68333333333333346 0.84523809523809534 1.6458333333333337 0.95000000000000007 0.58571428571428574 46.184366680912156 1.0000000180025095e-35 2.8660714285714293 1.3875000000000002 1647.9706586167097 21.110550363243195 0.89444444444444449 0.10555555555555557 1.9500000000000002 1609.5086130517361 2.0500000000000003 19.028423322338543 2.9500000000000006 2.3875000000000006 1.4722222222222225 1.1833333333333336 4.8166666666666673
decision_type=2 2 2 2 2 2 2 2 2 2 2 2 2 2 2 2 2 2 2 2 2 2 2 2 2 2 2 2 2 2
left_child=1 2 -1 6 5 -5 8 -8 -3 10 29 12 -11 18 19 17 -17 22 24 20 21 -15 -16 -22 -13 28 27 -21 -20 -10
right_child=-2 3 -4 4 -6 -7 7 -9 9 11 -12 13 -14 14 15 16 -18 -19 25 26 23 -23 -24 -25 -26 -27 -28 -29 -30 -31
leaf_value=-0.0030899233664996402 0.052381176177574242 -0.010849065231976407 0.00089805189878083055 0.066110444281782421 0.0045666389082792257 0.0097378752234837298 0.054190101373940702 -0.0020403120070695878 -0.0045280529878665892 0.040112298292009851 0.035071296194060284 0.0027828246463975645 0.0093843142522904936 0.0048251940028298792 0.00649158766761116 0.012596387243164437 0.064078399311337214 -0.030589578232981942 -0.024214961558428349 -0.01514907395683749 0.01595717847872621 -0.038730418146587911 0.041881855554652937 0.052223463643442936 0.038946327307949898 -0.033104460491714158 -0.034606301039457325 0.0074333135394372991 0.0013942944939293329 -0.034050961367785931
leaf_weight=3592 22 160 3767 34 478 22 24 24 517 37 21 164 77 206 145 27 35 21 48 128 77 31 32 36 22 43 28 142 123 24
leaf_count=3592 22 160 3767 34 478 22 24 24 517 37 21 164 77 206 145 27 35 21 48 128 77 31 32 36 22 43 28 142 123 24
internal_value=0.000182279 6.32275e-05 -0.00104867 0.00306415 0.00883226 0.0445235 0.00165558 0.026607 0.00108482 0.00205221 -0.0043077 0.00456703 0.0196195 0.00324113 0.00589433 0.016538 0.0422146 0.00832614 -0.00278131 0.00160481 0.00836573 -0.00101075 0.0130892 0.0278678 0.00724562 -0.0114895 -0.00633729 -0.00328881 -0.00589326 -0.00589817
internal_weight=10107 10085 7359 2726 534 56 2192 48 2144 1984 562 1422 114 1308 908 260 62 198 400 648 350 237 177 113 186 214 298 270 171 541
internal_count=10107 10085 7359 2726 534 56 2192 48 2144 1984 562 1422 114 1308 908 260 62 198 400 648 350 237 177 113 186 214 298 270 171 541
is_linear=0
shrinkage=0.05


Tree=53
num_leaves=31
num_cat=0
split_feature=13 6 7 1 6 3 7 2 6 12 3 3 6 4 2 7 6 2 1 12 2 0 0 5 9 9 6 3 1 7
split_gain=16.2928 19.051 48.6088 13.1804 24.5977 10.668 13.4257 11.8953 14.2852 10.4227 22.1886 7.90152 7.8446 20.2313 7.61924 12.4515 14.4121 13.1329 26.4408 12.0749 9.59712 11.2371 13.2362 12.1017 9.59043 8.58274 8.13184 7.81495 7.54712 7.2452
threshold=1.0000000180025095e-35 0.35416666666666669 1.3875000000000002 1658.8460421738744 0.58571428571428574 157.41573132811962 2.5634920634920637 -135.27368037746655 1.2928571428571431 -3.4499999999999997 40.740261749619215 3.490806201681949 0.11250000000000002 1.0000000180025095e-35 -0.68873542059088766 0.43650793650793657 0.70714285714285718 -201.79684649045222 1666.9761779161524 -2.9374999999999996 -4.4886297355106981 1476.8722449917884 1484.138462782809 0.47222222222222227 4.9500000000000011 4.1714285714285726 0.95000000000000007 62.541934075741558 1685.2761473559956 2.0500000000000003
decision_type=2 2 2 2 2 2 2 2 2 2 2 2 2 2 2 2 2 2 2 2 2 2 2 2 2 2 2 2 2 2
left_child=3 2 12 5 -5 7 -7 8 -1 10 -9 -11 -2 -14 15 -3 19 18 -18 -17 21 23 -23 -19 25 -16 -25 -28 29 -6
right_child=1 14 -4 4 28 6 -8 9 -10 11 -12 -13 13 -15 24 16 17 20 -20 -21 -22 22 -24 26 -26 -27 27 -29 -30 -31
leaf_value=0.0044084679354962552 -0.022895944323814053 0.043619622893276672 0.080611098464578396 0.045870472512074878 0.0060129558777498463 -0.0053933474196979003 -0.045741195125239241 0.059419250352816144 0.043143552751280373 0.0077068344097976863 -0.0033018992748111487 -0.0019691068213872295 0.047467217107557441 -0.02046636116098274 0.0003964145531489651 0.02129707431686776 0.066318128251091207 0.0047416876065849425 -0.0041751573759096642 -0.010379950309639013 0.029469988174692152 0.036536312430370144 0.0070705275892246015 -0.03820922903973481 -0.026410447964162538 0.032575969539937522 -0.033584734602746642 0.00062948699508394521 5.39020548841183e-05 0.028237685046042318
leaf_weight=94 21 20 27 34 159 1204 20 21 31 220 39 4670 21 21 1561 34 26 213 26 215 41 40 560 28 32 20 21 69 572 47
leaf_count=94 21 20 27 34 159 1204 20 21 31 220 39 4670 21 21 1561 34 26 213 26 215 41 40 560 28 32 20 21 69 572 47
internal_value=0.0001746 0.00326677 0.0257958 -0.00112847 0.00486326 -0.00190151 -0.00608943 -0.000890453 0.0142809 -0.00127638 0.0192647 -0.0015323 0.00141106 0.0138144 0.00256041 0.00541835 0.00478441 0.00740684 0.0316577 -0.00598669 0.00607826 0.00501761 0.00909244 -0.00237394 0.000267503 0.000823827 -0.0151501 -0.00763517 0.00301459 0.0111956
internal_weight=10107 2996 90 7111 812 6299 1224 5075 125 4950 60 4890 63 42 2906 1293 1273 1024 52 249 972 931 600 331 1613 1581 118 90 778 206
internal_count=10107 2996 90 7111 812 6299 1224 5075 125 4950 60 4890 63 42 2906 1293 1273 1024 52 249 972 931 600 331 1613 1581 118 90 778 206
is_linear=0
shrinkage=0.05


Tree=54
num_leaves=31
num_cat=0
split_feature=8 12 7 5 7 1 9 12 9 9 9 9 7 4 5 8 12 9 7 3 12 3 3 2 0 10 3 1 10 5
split_gain=22.0297 14.1469 10.4458 9.4012 9.05606 34.0691 18.0307 13.048 14.2286 9.08468 9.94497 16.4362 8.53194 8.92511 8.48996 8.47117 8.56805 10.2418 11.0319 13.7738 9.39394 8.84383 8.30559 11.6375 7.85384 7.23764 7.06796 7.05912 8.92962 7.5355
threshold=5.5500000000000007 -2.464285714285714 0.68333333333333346 0.29285714285714287 1.5857142857142861 1499.5358124360262 0.68333333333333346 -3.7083333333333326 0.95000000000000007 1.5634920634920637 0.89444444444444449 1.0500000000000003 2.5634920634920637 0.15476190476190479 0.18333333333333338 0.78888888888888908 1.2928571428571429 0.58571428571428574 3.1714285714285722 49.924580342762404 -1.3166666666666662 25.76834330706777 112.24907507885452 -84.813068753659522 1216.5734866002574 0.81666666666666676 8.0830364929076968 1568.6080247186053 0.13392857142857145 0.35416666666666669
decision_type=2 2 2 2 2 2 2 2 2 2 2 2 2 2 2 2 2 2 2 2 2 2 2 2 2 2 2 2 2 2
left_child=1 3 26 14 9 -6 -7 12 -9 10 -5 -12 13 -8 -1 -4 17 20 24 21 -17 -20 23 -22 -19 -18 -3 28 29 -26
right_child=-2 2 15 4 5 6 7 8 -10 -11 11 -13 -14 -15 -16 16 25 18 19 -21 22 -23 -24 -25 27 -27 -28 -29 -30 -31
leaf_value=0.0075663515294973676 0.049045834151785012 0.010198856439858087 -0.0029000482744312257 -0.015801602606336739 0.068519390343377992 0.031755473526587308 -0.02652184121824544 -0.012611005484665695 0.027545691135708456 -0.02795895663289083 0.049130658254675247 -0.0035987132539351784 -0.043398432038322263 0.012105836382796688 0.048362098030608008 -0.023025072619605524 -0.013933982401336201 -0.021271720950284768 0.021216059227784478 0.037913281517103319 -0.034977942776373207 -0.024674737613115991 0.0074517254877929998 -0.0036912489252669428 0.0010774116522952683 -0.0015048782298452518 -0.0055418028747929275 0.0048563589625748461 0.0023520597925401569 -0.0079210613741419918
leaf_weight=25 22 75 1661 42 23 50 28 37 52 30 22 41 21 30 26 64 148 35 20 47 33 20 137 239 479 549 1179 1680 2841 451
leaf_count=25 22 75 1661 42 23 50 28 37 52 30 22 41 21 30 26 64 148 35 20 47 33 20 137 239 479 549 1179 1680 2841 451
internal_value=0.000167617 5.61389e-05 -0.00033803 0.00895151 0.00617704 0.0119673 0.00571514 -0.00217701 0.0108967 -0.0041716 0.00282444 0.0152947 -0.0168577 -0.00667547 0.0288943 0.000297345 0.00108527 0.00169058 0.00229034 0.0198546 -0.00536591 -0.00177152 -0.0025532 -0.00760128 0.00200823 -0.00416024 -0.004593 0.00216158 0.000960072 -0.00329018
internal_weight=10107 10085 9658 427 376 241 218 168 89 135 105 63 79 58 51 8404 6743 6046 5573 87 473 40 409 272 5486 697 1254 5451 3771 930
internal_count=10107 10085 9658 427 376 241 218 168 89 135 105 63 79 58 51 8404 6743 6046 5573 87 473 40 409 272 5486 697 1254 5451 3771 930
is_linear=0
shrinkage=0.05


Tree=55
num_leaves=31
num_cat=0
split_feature=6 7 10 12 13 12 1 7 12 3 3 7 1 3 2 7 2 7 9 9 7 12 9 1 1 2 12 6 0 9
split_gain=21.1775 63.199 21.0078 14.3165 11.7455 12.4636 15.5235 11.6276 15.729 19.8594 14.8317 10.2653 10.5028 8.72978 8.11505 18.4029 8.65366 18.8044 8.29139 7.63997 13.4851 8.28568 7.5936 7.34205 7.201 6.87866 6.15164 6.03479 9.53983 9.26112
threshold=0.2678571428571429 1.4722222222222225 0.31666666666666671 0.23611111111111119 1.0000000180025095e-35 -2.0833333333333326 1440.863774720716 1.1339285714285716 -1.0499999999999996 81.322663318917776 25.76834330706777 2.5634920634920637 1483.06742021068 3.9892522916387638 -26.412709229671801 3.2111111111111117 -35.207951247118324 1.5857142857142861 1.0500000000000003 0.5277777777777779 2.8660714285714293 -1.5277777777777775 0.84523809523809534 1677.2620212713548 1457.4367448602341 -18.077223642241162 -1.2361111111111109 0.5277777777777779 1345.1365271491309 0.95000000000000007
decision_type=2 2 2 2 2 2 2 2 2 2 2 2 2 2 2 2 2 2 2 2 2 2 2 2 2 2 2 2 2 2
left_child=1 7 -3 4 5 6 -2 8 -1 10 -10 12 -8 22 15 16 27 -18 -16 21 24 -15 -7 26 -21 -14 -20 29 -29 -6
right_child=3 2 -4 -5 14 13 11 -9 9 -11 -12 -13 25 19 18 -17 17 -19 23 20 -22 -23 -24 -25 -26 -27 -28 28 -30 -31
leaf_value=0.044014274150781012 0.049160796954211869 0.02695189086863628 0.091022593415631306 -0.0039153818607743996 -0.032754580935706261 0.031210926498897607 -0.018083019506546758 -0.02338691325749942 -0.0095205968886148198 -0.035235185064375403 0.043640513417776673 -0.017674703677979912 0.015810872547601055 -0.033392724656732757 -0.0047530156317476084 -0.026115727405995132 0.0023098732225405867 0.055328145946065589 0.022353680390052689 -0.0056180481374259912 0.019012415347707604 -0.0066665813139778199 0.0043703795647708201 0.03220549474724315 -0.00067937379715095662 -0.013753043115139009 0.0020277793352528497 0.0280164514058109 0.0068311323809485585 0.0048622005161616886
leaf_weight=22 21 25 28 2668 22 31 30 42 27 29 24 40 204 31 434 39 38 29 38 965 78 322 152 21 3130 21 827 57 657 56
leaf_count=22 21 25 28 2668 22 31 30 42 27 29 24 40 204 31 434 39 38 29 38 965 78 322 152 21 3130 21 827 57 657 56
internal_value=-0.000461634 0.0157297 0.0618593 -0.000785022 0.000368445 -0.000969293 0.00862764 -0.00155813 0.00756999 -0.00287184 0.0158545 0.0055859 0.00928941 -0.001615 0.00339824 0.00706221 0.00859716 0.0257343 0.00090216 -0.00204861 -0.00144997 -0.00910134 0.00906205 0.00367454 -0.00184428 0.0130029 0.00294549 0.00711681 0.00855922 -0.00602797
internal_weight=10108 197 53 9911 7243 5025 316 144 102 80 51 295 255 4709 2218 898 859 67 1320 4526 4173 353 183 886 4095 225 865 792 714 78
internal_count=10108 197 53 9911 7243 5025 316 144 102 80 51 295 255 4709 2218 898 859 67 1320 4526 4173 353 183 886 4095 225 865 792 714 78
is_linear=0
shrinkage=0.05


Tree=56
num_leaves=31
num_cat=0
split_feature=6 7 2 12 9 13 12 1 7 7 0 4 7 12 0 5 3 2 6 7 7 1 7 2 2 11 9 9 7 4
split_gain=19.196 57.2313 19.2483 12.9261 11.0361 10.6095 11.2689 14.8079 9.53019 9.49691 9.16529 14.4766 8.38791 18.9006 16.4308 8.30906 7.85343 7.50624 12.6124 23.896 10.9054 10.8459 8.63398 9.38651 10.4925 8.50968 7.78286 8.67879 6.97151 10.0435
threshold=0.2678571428571429 1.4722222222222225 -104.83979157758266 0.23611111111111119 2.2928571428571431 1.0000000180025095e-35 -2.464285714285714 1440.863774720716 2.5634920634920637 1.5857142857142861 1367.6232256802334 0.38750000000000007 1.1339285714285716 -1.0499999999999996 1465.7452298128696 0.29285714285714287 3.9892522916387638 -2.3862306661458201 2.0500000000000003 1.4722222222222225 3.1714285714285722 1719.2455478664992 0.41428571428571431 -26.412709229671801 -30.735044894355152 0.29285714285714287 4.9500000000000011 0.88194444444444453 0.78888888888888908 0.23611111111111113
decision_type=2 2 2 2 2 2 2 2 2 2 2 2 2 2 2 2 2 2 2 2 2 2 2 2 2 2 2 2 2 2
left_child=1 4 -3 5 12 6 7 -2 9 15 -11 -12 13 -1 -15 -9 28 18 20 -20 22 26 -7 24 -24 -21 27 -19 -8 -30
right_child=3 2 -4 -5 -6 17 16 8 -10 10 11 -13 -14 14 -16 -17 -18 21 19 25 -22 -23 23 -25 -26 -27 -28 -29 29 -31
leaf_value=0.042309978107611342 0.049065325444652919 0.028824288911860563 0.090129940757133931 -0.0037196861173847324 0.027397473984294471 0.03505909911667307 -0.012696461012819783 0.025222860489572799 -0.016812523568003643 -0.0069484894101818412 0.039684711449081082 0.0023716308756007091 -0.026322387229287772 -0.033381966667602195 0.020541429855739295 -0.010264910972229653 -0.0019185131839757525 -0.0098951509838095981 0.070459150061720904 0.033115952627526389 -0.021541978774640043 0.031507789643688333 0.0060374578803020999 -0.0051202882050384521 0.038364744816835113 -0.0013468355526802716 -0.028732977341860533 0.0021980734130929232 0.04203813639376313 0.0072958078804044079
leaf_weight=20 20 28 25 2668 26 23 31 20 40 29 63 44 40 36 22 76 4550 179 20 26 38 26 767 195 25 53 23 843 24 128
leaf_count=20 20 28 25 2668 26 23 31 20 40 29 63 44 40 36 22 76 4550 179 20 26 38 26 767 195 25 53 23 843 24 128
internal_value=-0.000437328 0.0149779 0.0588756 -0.000745215 -0.00147349 0.00035081 -0.000920592 0.00859533 0.00545076 0.00934494 0.0177963 0.024505 -0.00801167 0.00159278 -0.0129268 -0.00268782 -0.00150936 0.00323036 0.0060392 0.0230104 0.00441559 0.000219371 0.00541255 0.00468692 0.00710498 0.0102675 -0.000588475 7.2382e-05 0.00861862 0.0130203
internal_weight=10108 197 53 9911 144 7243 5025 292 272 232 136 107 118 78 58 96 4733 2218 1147 99 1048 1071 1010 987 792 79 1045 1022 183 152
internal_count=10108 197 53 9911 144 7243 5025 292 272 232 136 107 118 78 58 96 4733 2218 1147 99 1048 1071 1010 987 792 79 1045 1022 183 152
is_linear=0
shrinkage=0.05


end of trees

feature_importances:
Column_8=249
Column_7=193
Column_1=182
Column_2=155
Column_0=138
Column_12=138
Column_3=137
Column_9=132
Column_6=114
Column_5=73
Column_4=68
Column_13=66
Column_10=42
Column_11=23

parameters:
[boosting: gbdt]
[objective: regression]
[metric: rmse]
[tree_learner: serial]
[device_type: cpu]
[data_sample_strategy: bagging]
[data: ]
[valid: ]
[num_iterations: 500]
[learning_rate: 0.05]
[num_leaves: 31]
[num_threads: 0]
[seed: 0]
[deterministic: 0]
[force_col_wise: 0]
[force_row_wise: 0]
[histogram_pool_size: -1]
[max_depth: -1]
[min_data_in_leaf: 20]
[min_sum_hessian_in_leaf: 0.001]
[bagging_fraction: 0.8]
[pos_bagging_fraction: 1]
[neg_bagging_fraction: 1]
[bagging_freq: 5]
[bagging_seed: 3]
[bagging_by_query: 0]
[feature_fraction: 0.9]
[feature_fraction_bynode: 1]
[feature_fraction_seed: 2]
[extra_trees: 0]
[extra_seed: 6]
[early_stopping_round: 0]
[early_stopping_min_delta: 0]
[first_metric_only: 0]
[max_delta_step: 0]
[lambda_l1: 0]
[lambda_l2: 1]
[linear_lambda: 0]
[min_gain_to_split: 0]
[drop_rate: 0.1]
[max_drop: 50]
[skip_drop: 0.5]
[xgboost_dart_mode: 0]
[uniform_drop: 0]
[drop_seed: 4]
[top_rate: 0.2]
[other_rate: 0.1]
[min_data_per_group: 100]
[max_cat_threshold: 32]
[cat_l2: 10]
[cat_smooth: 10]
[max_cat_to_onehot: 4]
[top_k: 20]
[monotone_constraints: ]
[monotone_constraints_method: basic]
[monotone_penalty: 0]
[feature_contri: ]
[forcedsplits_filename: ]
[refit_decay_rate: 0.9]
[cegb_tradeoff: 1]
[cegb_penalty_split: 0]
[cegb_penalty_feature_lazy: ]
[cegb_penalty_feature_coupled: ]
[path_smooth: 0]
[interaction_constraints: ]
[verbosity: -1]
[saved_feature_importance_type: 0]
[use_quantized_grad: 0]
[num_grad_quant_bins: 4]
[quant_train_renew_leaf: 0]
[stochastic_rounding: 1]
[linear_tree: 0]
[max_bin: 255]
[max_bin_by_feature: ]
[min_data_in_bin: 3]
[bin_construct_sample_cnt: 200000]
[data_random_seed: 1]
[is_enable_sparse: 1]
[enable_bundle: 1]
[use_missing: 1]
[zero_as_missing: 0]
[feature_pre_filter: 1]
[pre_partition: 0]
[two_round: 0]
[header: 0]
[label_column: ]
[weight_column: ]
[group_column: ]
[ignore_column: ]
[categorical_feature: ]
[forcedbins_filename: ]
[precise_float_parser: 0]
[parser_config_file: ]
[objective_seed: 5]
[num_class: 1]
[is_unbalance: 0]
[scale_pos_weight: 1]
[sigmoid: 1]
[boost_from_average: 1]
[reg_sqrt: 0]
[alpha: 0.9]
[fair_c: 1]
[poisson_max_delta_step: 0.7]
[tweedie_variance_power: 1.5]
[lambdarank_truncation_level: 30]
[lambdarank_norm: 1]
[label_gain: ]
[lambdarank_position_bias_regularization: 0]
[eval_at: ]
[multi_error_top_k: 1]
[auc_mu_weights: ]
[num_machines: 1]
[local_listen_port: 12400]
[time_out: 120]
[machine_list_filename: ]
[machines: ]
[gpu_platform_id: -1]
[gpu_device_id: -1]
[gpu_use_dp: 0]
[num_gpu: 1]

end of parameters

pandas_categorical:null
